FICE,State,Type,Average_salary-full_professors,Average_salary-associate_professors,Average_salary-assistant_professors,Average_salary-all_ranks,Average_compensation-full_professors,Average_compensation-associate_professors,Average_compensation-assistant_professors,Average_compensation-all_ranks,Number_of_full_professors,Number_of_associate_professors,Number_of_assistant_professors,Number_of_instructors,target
1061.0,0.0,2.0,454.0,382.0,362.0,382.0,567.0,485.0,471.0,487.0,6.0,11.0,9.0,4.0,0
1063.0,0.0,0.0,686.0,560.0,432.0,508.0,914.0,753.0,572.0,677.0,74.0,125.0,118.0,40.0,1
1065.0,0.0,1.0,533.0,494.0,329.0,415.0,716.0,663.0,442.0,559.0,9.0,26.0,20.0,9.0,0
11462.0,0.0,1.0,612.0,507.0,414.0,498.0,825.0,681.0,557.0,670.0,115.0,124.0,101.0,21.0,1
1002.0,1.0,1.0,442.0,369.0,310.0,350.0,530.0,444.0,376.0,423.0,59.0,77.0,102.0,24.0,1
1004.0,1.0,1.0,441.0,385.0,310.0,388.0,542.0,473.0,383.0,477.0,57.0,33.0,35.0,2.0,0
1008.0,1.0,2.0,466.0,394.0,351.0,396.0,558.0,476.0,427.0,478.0,20.0,18.0,30.0,0.0,0
1009.0,1.0,0.0,580.0,437.0,374.0,455.0,692.0,527.0,451.0,546.0,366.0,354.0,301.0,66.0,1
1012.0,1.0,2.0,498.0,379.0,322.0,401.0,655.0,501.0,404.0,523.0,34.0,25.0,27.0,3.0,0
1016.0,1.0,2.0,506.0,412.0,359.0,411.0,607.0,508.0,445.0,503.0,67.0,40.0,66.0,27.0,0
1019.0,1.0,2.0,339.0,303.0,287.0,301.0,421.0,371.0,347.0,366.0,8.0,15.0,19.0,2.0,0
1020.0,1.0,1.0,461.0,389.0,338.0,386.0,585.0,496.0,436.0,493.0,106.0,42.0,66.0,58.0,1
1024.0,1.0,2.0,360.0,304.0,258.0,300.0,433.0,369.0,313.0,363.0,27.0,25.0,33.0,4.0,0
1029.0,1.0,2.0,354.0,321.0,277.0,291.0,436.0,401.0,346.0,363.0,17.0,19.0,31.0,19.0,0
1033.0,1.0,2.0,301.0,290.0,283.0,290.0,375.0,363.0,355.0,362.0,18.0,28.0,28.0,3.0,0
1036.0,1.0,1.0,565.0,425.0,363.0,449.0,710.0,556.0,476.0,578.0,83.0,46.0,77.0,9.0,0
1041.0,1.0,2.0,431.0,352.0,311.0,373.0,518.0,425.0,374.0,449.0,23.0,17.0,14.0,1.0,0
1044.0,1.0,2.0,321.0,288.0,251.0,272.0,388.0,354.0,312.0,335.0,13.0,18.0,18.0,10.0,0
1047.0,1.0,1.0,462.0,385.0,322.0,350.0,560.0,467.0,392.0,426.0,25.0,59.0,100.0,19.0,0
1050.0,1.0,1.0,410.0,352.0,306.0,327.0,487.0,415.0,362.0,387.0,57.0,65.0,85.0,45.0,0
1051.0,1.0,0.0,605.0,447.0,382.0,463.0,746.0,563.0,483.0,580.0,267.0,206.0,206.0,76.0,1
1052.0,1.0,0.0,633.0,445.0,366.0,461.0,786.0,569.0,475.0,587.0,106.0,163.0,107.0,19.0,1
1055.0,1.0,1.0,636.0,443.0,375.0,451.0,771.0,540.0,455.0,548.0,72.0,87.0,98.0,7.0,1
1057.0,1.0,1.0,542.0,426.0,370.0,418.0,645.0,514.0,450.0,504.0,119.0,103.0,142.0,64.0,1
8310.0,1.0,1.0,519.0,422.0,343.0,403.0,621.0,507.0,411.0,483.0,56.0,54.0,63.0,28.0,0
1085.0,2.0,2.0,453.0,363.0,330.0,349.0,561.0,448.0,402.0,428.0,23.0,24.0,48.0,22.0,0
1086.0,2.0,2.0,406.0,366.0,332.0,335.0,505.0,457.0,415.0,419.0,40.0,33.0,71.0,46.0,0
1088.0,2.0,2.0,499.0,,330.0,399.0,618.0,,402.0,488.0,14.0,5.0,21.0,2.0,0
1089.0,2.0,2.0,439.0,381.0,337.0,374.0,550.0,479.0,427.0,471.0,44.0,71.0,52.0,13.0,0
1090.0,2.0,1.0,520.0,433.0,342.0,398.0,646.0,541.0,431.0,498.0,103.0,87.0,141.0,63.0,1
1092.0,2.0,1.0,521.0,416.0,339.0,395.0,632.0,507.0,416.0,482.0,93.0,89.0,82.0,76.0,1
1094.0,2.0,2.0,309.0,280.0,274.0,285.0,428.0,383.0,376.0,391.0,14.0,9.0,15.0,2.0,0
1098.0,2.0,2.0,447.0,375.0,341.0,375.0,561.0,480.0,435.0,477.0,55.0,42.0,33.0,25.0,0
1099.0,2.0,2.0,485.0,399.0,362.0,421.0,664.0,534.0,453.0,562.0,24.0,26.0,14.0,1.0,0
1100.0,2.0,2.0,372.0,338.0,304.0,341.0,478.0,414.0,375.0,426.0,23.0,22.0,10.0,3.0,0
1101.0,2.0,1.0,536.0,416.0,372.0,415.0,651.0,506.0,450.0,504.0,128.0,117.0,72.0,63.0,1
1102.0,2.0,2.0,422.0,355.0,289.0,342.0,529.0,445.0,375.0,435.0,36.0,14.0,28.0,19.0,0
1106.0,2.0,2.0,,,264.0,266.0,,,327.0,331.0,4.0,4.0,12.0,4.0,0
1107.0,2.0,1.0,461.0,389.0,321.0,362.0,575.0,484.0,402.0,453.0,27.0,31.0,34.0,23.0,0
1108.0,2.0,0.0,563.0,436.0,379.0,452.0,686.0,531.0,461.0,550.0,314.0,198.0,225.0,54.0,1
10311.0,2.0,2.0,424.0,374.0,335.0,380.0,512.0,461.0,401.0,460.0,80.0,46.0,41.0,8.0,0
1074.0,3.0,2.0,358.0,328.0,274.0,299.0,439.0,395.0,332.0,363.0,20.0,18.0,24.0,12.0,0
1081.0,3.0,0.0,603.0,449.0,399.0,489.0,723.0,549.0,489.0,593.0,576.0,445.0,251.0,7.0,1
1082.0,3.0,0.0,511.0,422.0,359.0,412.0,619.0,518.0,446.0,507.0,173.0,192.0,175.0,33.0,1
1083.0,3.0,0.0,648.0,462.0,411.0,537.0,771.0,561.0,498.0,645.0,647.0,377.0,272.0,2.0,1
1117.0,4.0,1.0,430.0,375.0,318.0,368.0,573.0,494.0,428.0,488.0,43.0,62.0,32.0,12.0,0
1122.0,4.0,1.0,455.0,369.0,303.0,370.0,582.0,462.0,371.0,464.0,32.0,57.0,31.0,6.0,0
1131.0,4.0,0.0,970.0,733.0,576.0,866.0,1204.0,909.0,717.0,1075.0,173.0,40.0,44.0,0.0,0
1133.0,4.0,2.0,477.0,392.0,335.0,398.0,600.0,501.0,433.0,507.0,32.0,21.0,33.0,6.0,0
1137.0,4.0,1.0,605.0,493.0,387.0,544.0,760.0,637.0,506.0,690.0,393.0,120.0,105.0,5.0,1
1138.0,4.0,1.0,606.0,491.0,384.0,552.0,762.0,629.0,503.0,699.0,258.0,69.0,49.0,7.0,1
1139.0,4.0,1.0,600.0,474.0,401.0,542.0,751.0,610.0,521.0,685.0,491.0,171.0,112.0,6.0,1
1141.0,4.0,1.0,605.0,472.0,392.0,548.0,759.0,606.0,593.0,705.0,178.0,52.0,37.0,1.0,1
1143.0,4.0,1.0,607.0,496.0,394.0,571.0,763.0,635.0,514.0,721.0,507.0,102.0,60.0,1.0,1
1144.0,4.0,1.0,610.0,492.0,408.0,559.0,766.0,630.0,531.0,707.0,411.0,116.0,79.0,4.0,1
1146.0,4.0,1.0,604.0,482.0,395.0,558.0,758.0,631.0,518.0,707.0,413.0,86.0,73.0,2.0,1
1147.0,4.0,1.0,603.0,476.0,382.0,553.0,757.0,612.0,500.0,699.0,459.0,109.0,67.0,14.0,1
1149.0,4.0,1.0,593.0,468.0,387.0,543.0,746.0,603.0,507.0,688.0,213.0,38.0,50.0,0.0,1
1151.0,4.0,1.0,602.0,479.0,403.0,547.0,756.0,615.0,524.0,693.0,576.0,223.0,100.0,10.0,1
1155.0,4.0,1.0,598.0,486.0,404.0,528.0,750.0,623.0,526.0,669.0,431.0,222.0,158.0,8.0,1
1156.0,4.0,1.0,602.0,459.0,380.0,553.0,755.0,592.0,497.0,699.0,170.0,34.0,29.0,0.0,0
1164.0,4.0,1.0,578.0,470.0,420.0,491.0,763.0,627.0,573.0,656.0,38.0,37.0,36.0,0.0,0
1170.0,4.0,2.0,716.0,516.0,411.0,601.0,892.0,661.0,510.0,751.0,36.0,16.0,12.0,2.0,0
1171.0,4.0,2.0,771.0,579.0,454.0,638.0,961.0,739.0,588.0,805.0,34.0,14.0,20.0,0.0,0
1172.0,4.0,2.0,652.0,439.0,381.0,547.0,824.0,572.0,482.0,695.0,31.0,10.0,13.0,0.0,0
1173.0,4.0,2.0,730.0,525.0,417.0,566.0,909.0,658.0,530.0,708.0,60.0,52.0,40.0,7.0,0
1174.0,4.0,2.0,611.0,458.0,372.0,511.0,776.0,588.0,495.0,658.0,28.0,10.0,15.0,1.0,0
1179.0,4.0,2.0,524.0,421.0,374.0,448.0,630.0,503.0,443.0,535.0,25.0,16.0,15.0,3.0,0
1183.0,4.0,2.0,484.0,394.0,275.0,368.0,542.0,443.0,311.0,413.0,10.0,22.0,18.0,1.0,0
1216.0,4.0,1.0,482.0,392.0,326.0,401.0,602.0,478.0,396.0,494.0,41.0,28.0,41.0,0.0,0
1238.0,4.0,1.0,593.0,461.0,407.0,492.0,737.0,571.0,507.0,612.0,28.0,16.0,23.0,2.0,0
1249.0,4.0,2.0,624.0,469.0,388.0,490.0,806.0,593.0,482.0,621.0,49.0,42.0,33.0,15.0,0
1253.0,4.0,2.0,,,,361.0,,,,447.0,0.0,0.0,0.0,0.0,0
1258.0,4.0,2.0,362.0,333.0,315.0,336.0,441.0,398.0,376.0,403.0,40.0,17.0,41.0,4.0,0
1262.0,4.0,2.0,507.0,393.0,358.0,429.0,637.0,523.0,468.0,549.0,43.0,21.0,23.0,7.0,0
1264.0,4.0,1.0,715.0,561.0,511.0,637.0,930.0,737.0,645.0,829.0,130.0,72.0,22.0,7.0,0
1302.0,4.0,1.0,614.0,494.0,404.0,500.0,754.0,616.0,497.0,618.0,38.0,55.0,42.0,0.0,0
1305.0,4.0,0.0,952.0,658.0,519.0,824.0,1144.0,814.0,653.0,1000.0,533.0,139.0,145.0,0.0,1
1312.0,4.0,0.0,764.0,513.0,433.0,650.0,939.0,631.0,533.0,799.0,834.0,229.0,209.0,0.0,1
1313.0,4.0,0.0,683.0,478.0,404.0,561.0,840.0,588.0,496.0,689.0,535.0,190.0,234.0,0.0,1
1314.0,4.0,0.0,708.0,488.0,423.0,574.0,870.0,599.0,520.0,705.0,319.0,161.0,138.0,0.0,1
1315.0,4.0,0.0,741.0,497.0,421.0,609.0,910.0,611.0,517.0,748.0,817.0,267.0,298.0,0.0,1
1316.0,4.0,0.0,670.0,461.0,390.0,514.0,824.0,567.0,479.0,632.0,183.0,80.0,140.0,0.0,1
1317.0,4.0,0.0,723.0,487.0,401.0,595.0,888.0,598.0,493.0,732.0,405.0,147.0,130.0,0.0,1
1319.0,4.0,0.0,624.0,449.0,380.0,520.0,767.0,552.0,467.0,639.0,154.0,83.0,74.0,0.0,1
1320.0,4.0,0.0,712.0,473.0,401.0,578.0,875.0,581.0,493.0,711.0,371.0,125.0,145.0,0.0,1
1321.0,4.0,0.0,677.0,464.0,391.0,537.0,832.0,570.0,481.0,660.0,186.0,93.0,92.0,0.0,1
1322.0,4.0,1.0,566.0,468.0,406.0,488.0,716.0,592.0,495.0,610.0,49.0,19.0,39.0,0.0,0
1325.0,4.0,1.0,617.0,486.0,405.0,514.0,811.0,644.0,538.0,680.0,129.0,59.0,80.0,19.0,1
1326.0,4.0,1.0,763.0,555.0,487.0,578.0,938.0,704.0,624.0,729.0,85.0,117.0,90.0,0.0,1
1328.0,4.0,0.0,802.0,574.0,484.0,641.0,1016.0,751.0,636.0,825.0,485.0,354.0,286.0,27.0,1
1329.0,4.0,1.0,542.0,420.0,372.0,459.0,666.0,528.0,468.0,570.0,172.0,92.0,100.0,10.0,1
1341.0,4.0,2.0,489.0,408.0,339.0,415.0,616.0,524.0,429.0,526.0,30.0,19.0,22.0,3.0,0
1342.0,4.0,1.0,666.0,499.0,347.0,531.0,808.0,601.0,416.0,642.0,48.0,27.0,24.0,9.0,0
1343.0,4.0,1.0,,373.0,365.0,381.0,,472.0,454.0,478.0,5.0,11.0,6.0,0.0,0
3948.0,4.0,1.0,599.0,483.0,397.0,541.0,751.0,619.0,518.0,684.0,451.0,133.0,117.0,8.0,1
7993.0,4.0,1.0,597.0,482.0,377.0,499.0,752.0,619.0,495.0,637.0,95.0,48.0,50.0,13.0,0
10395.0,4.0,1.0,719.0,533.0,452.0,575.0,904.0,678.0,569.0,725.0,105.0,72.0,76.0,12.0,1
11649.0,4.0,1.0,722.0,558.0,414.0,589.0,911.0,724.0,543.0,754.0,130.0,90.0,83.0,3.0,1
1345.0,5.0,1.0,436.0,356.0,321.0,360.0,527.0,444.0,400.0,444.0,29.0,21.0,40.0,8.0,0
1347.0,5.0,2.0,613.0,488.0,398.0,525.0,776.0,621.0,509.0,665.0,63.0,38.0,26.0,1.0,0
1349.0,5.0,0.0,480.0,390.0,333.0,385.0,565.0,463.0,399.0,458.0,151.0,111.0,129.0,35.0,1
1350.0,5.0,0.0,598.0,447.0,403.0,517.0,714.0,534.0,481.0,617.0,483.0,255.0,188.0,0.0,1
1353.0,5.0,2.0,439.0,385.0,342.0,392.0,516.0,452.0,402.0,460.0,73.0,35.0,52.0,5.0,0
1358.0,5.0,2.0,429.0,353.0,297.0,340.0,508.0,427.0,363.0,410.0,49.0,31.0,37.0,7.0,0
1360.0,5.0,2.0,480.0,406.0,351.0,418.0,568.0,485.0,424.0,498.0,159.0,90.0,111.0,8.0,1
1363.0,5.0,2.0,489.0,434.0,349.0,424.0,626.0,531.0,428.0,527.0,16.0,26.0,12.0,2.0,0
1365.0,5.0,1.0,474.0,422.0,360.0,397.0,559.0,498.0,425.0,468.0,47.0,45.0,63.0,15.0,0
1370.0,5.0,0.0,652.0,494.0,421.0,528.0,797.0,615.0,519.0,649.0,457.0,301.0,227.0,93.0,1
1371.0,5.0,0.0,623.0,479.0,430.0,509.0,756.0,588.0,525.0,620.0,142.0,106.0,101.0,6.0,1
1372.0,5.0,2.0,452.0,381.0,324.0,402.0,546.0,460.0,406.0,490.0,52.0,25.0,26.0,0.0,0
4509.0,5.0,1.0,522.0,422.0,385.0,451.0,642.0,524.0,480.0,558.0,62.0,56.0,40.0,3.0,0
6740.0,5.0,1.0,596.0,453.0,408.0,467.0,726.0,561.0,508.0,576.0,106.0,108.0,119.0,35.0,1
9401.0,5.0,2.0,,284.0,251.0,255.0,,356.0,318.0,323.0,3.0,8.0,13.0,8.0,0
1374.0,6.0,2.0,391.0,343.0,,340.0,444.0,400.0,,393.0,9.0,7.0,5.0,3.0,0
1378.0,6.0,1.0,666.0,534.0,397.0,518.0,856.0,700.0,536.0,680.0,118.0,119.0,137.0,16.0,1
1379.0,6.0,2.0,619.0,461.0,366.0,499.0,810.0,613.0,477.0,654.0,63.0,35.0,30.0,11.0,0
1380.0,6.0,1.0,658.0,516.0,477.0,575.0,883.0,711.0,652.0,778.0,90.0,36.0,50.0,2.0,0
1385.0,6.0,1.0,685.0,545.0,452.0,545.0,894.0,733.0,603.0,721.0,62.0,43.0,81.0,6.0,0
1397.0,6.0,1.0,524.0,450.0,401.0,471.0,656.0,576.0,513.0,596.0,72.0,44.0,30.0,1.0,0
1402.0,6.0,1.0,697.0,540.0,412.0,553.0,877.0,686.0,531.0,701.0,82.0,51.0,64.0,10.0,0
1403.0,6.0,2.0,546.0,444.0,374.0,435.0,686.0,566.0,478.0,553.0,19.0,55.0,30.0,7.0,0
1406.0,6.0,1.0,644.0,514.0,385.0,522.0,819.0,673.0,516.0,678.0,160.0,125.0,120.0,12.0,1
1409.0,6.0,1.0,548.0,451.0,360.0,430.0,654.0,544.0,432.0,517.0,8.0,34.0,22.0,1.0,0
1414.0,6.0,2.0,706.0,501.0,394.0,550.0,901.0,650.0,494.0,704.0,57.0,49.0,32.0,0.0,0
1416.0,6.0,1.0,505.0,437.0,360.0,434.0,644.0,551.0,463.0,553.0,32.0,29.0,26.0,1.0,0
1422.0,6.0,1.0,529.0,445.0,380.0,439.0,660.0,566.0,492.0,558.0,76.0,131.0,111.0,3.0,1
1424.0,6.0,1.0,734.0,504.0,423.0,597.0,936.0,641.0,539.0,761.0,128.0,57.0,66.0,0.0,0
1425.0,6.0,1.0,650.0,515.0,400.0,535.0,856.0,689.0,547.0,714.0,47.0,47.0,33.0,0.0,0
1426.0,6.0,0.0,928.0,522.0,444.0,708.0,1127.0,643.0,548.0,863.0,404.0,118.0,191.0,6.0,1
1434.0,7.0,0.0,746.0,520.0,417.0,555.0,897.0,641.0,505.0,673.0,165.0,119.0,125.0,37.0,1
1437.0,7.0,0.0,611.0,449.0,385.0,482.0,718.0,533.0,459.0,570.0,123.0,141.0,104.0,6.0,1
1443.0,7.0,1.0,623.0,480.0,399.0,482.0,814.0,638.0,534.0,637.0,86.0,67.0,70.0,35.0,1
1444.0,7.0,0.0,729.0,542.0,447.0,610.0,874.0,653.0,536.0,733.0,316.0,175.0,134.0,12.0,1
1445.0,7.0,0.0,857.0,552.0,427.0,618.0,1080.0,710.0,546.0,785.0,192.0,157.0,154.0,25.0,1
1448.0,7.0,0.0,656.0,483.0,403.0,481.0,780.0,591.0,494.0,587.0,241.0,282.0,189.0,111.0,1
1452.0,7.0,2.0,,360.0,288.0,330.0,,453.0,364.0,413.0,3.0,10.0,17.0,0.0,0
1460.0,7.0,2.0,457.0,362.0,293.0,350.0,536.0,435.0,349.0,415.0,12.0,12.0,21.0,2.0,0
29100.0,7.0,1.0,559.0,476.0,390.0,491.0,686.0,586.0,482.0,604.0,184.0,113.0,95.0,8.0,1
1428.0,8.0,1.0,545.0,435.0,359.0,379.0,716.0,583.0,491.0,515.0,29.0,47.0,61.0,34.0,0
1429.0,8.0,2.0,492.0,405.0,,417.0,613.0,511.0,,528.0,8.0,14.0,3.0,1.0,0
1431.0,8.0,0.0,723.0,531.0,422.0,556.0,922.0,693.0,554.0,721.0,341.0,319.0,217.0,65.0,1
1433.0,8.0,2.0,448.0,373.0,334.0,376.0,565.0,449.0,396.0,456.0,14.0,12.0,22.0,1.0,0
1466.0,9.0,1.0,488.0,420.0,350.0,394.0,598.0,508.0,424.0,477.0,39.0,77.0,84.0,15.0,0
1468.0,9.0,1.0,438.0,482.0,351.0,403.0,520.0,570.0,421.0,480.0,23.0,22.0,37.0,4.0,0
1479.0,9.0,1.0,457.0,369.0,310.0,365.0,556.0,452.0,383.0,446.0,70.0,130.0,84.0,7.0,1
1480.0,9.0,1.0,524.0,426.0,359.0,424.0,661.0,543.0,460.0,540.0,103.0,123.0,111.0,27.0,1
1481.0,9.0,1.0,580.0,426.0,394.0,461.0,750.0,559.0,517.0,601.0,183.0,147.0,159.0,30.0,1
1487.0,9.0,2.0,534.0,424.0,357.0,436.0,676.0,547.0,472.0,563.0,32.0,18.0,37.0,0.0,0
1488.0,9.0,2.0,440.0,369.0,331.0,369.0,552.0,473.0,409.0,463.0,30.0,18.0,44.0,4.0,0
1489.0,9.0,0.0,564.0,399.0,378.0,473.0,729.0,525.0,494.0,616.0,510.0,316.0,192.0,16.0,1
1515.0,9.0,1.0,542.0,420.0,321.0,457.0,678.0,519.0,378.0,564.0,78.0,43.0,26.0,7.0,0
1531.0,9.0,1.0,622.0,437.0,370.0,477.0,794.0,561.0,467.0,605.0,61.0,52.0,65.0,2.0,0
1535.0,9.0,0.0,613.0,430.0,399.0,501.0,790.0,567.0,527.0,653.0,981.0,721.0,510.0,49.0,1
1536.0,9.0,0.0,693.0,510.0,408.0,513.0,895.0,654.0,514.0,659.0,291.0,200.0,147.0,20.0,1
1537.0,9.0,0.0,571.0,418.0,369.0,455.0,735.0,547.0,483.0,591.0,387.0,319.0,239.0,45.0,1
1538.0,9.0,2.0,495.0,425.0,371.0,416.0,593.0,513.0,438.0,497.0,36.0,37.0,46.0,4.0,0
3954.0,9.0,1.0,560.0,420.0,369.0,435.0,698.0,527.0,465.0,545.0,176.0,207.0,162.0,42.0,1
3955.0,9.0,1.0,489.0,391.0,350.0,390.0,636.0,505.0,458.0,507.0,59.0,65.0,75.0,22.0,0
8849.0,9.0,2.0,413.0,369.0,333.0,348.0,491.0,451.0,390.0,412.0,11.0,14.0,28.0,13.0,0
9635.0,9.0,1.0,558.0,423.0,395.0,433.0,719.0,553.0,509.0,562.0,182.0,261.0,220.0,76.0,1
9841.0,9.0,2.0,498.0,405.0,343.0,408.0,663.0,544.0,462.0,547.0,73.0,81.0,57.0,19.0,0
1542.0,10.0,2.0,527.0,421.0,356.0,426.0,651.0,528.0,441.0,528.0,19.0,24.0,19.0,4.0,0
1544.0,10.0,2.0,444.0,395.0,335.0,371.0,578.0,519.0,437.0,484.0,38.0,24.0,68.0,8.0,0
1546.0,10.0,2.0,462.0,367.0,315.0,347.0,588.0,457.0,391.0,434.0,38.0,32.0,119.0,12.0,0
1552.0,10.0,1.0,503.0,409.0,336.0,383.0,645.0,520.0,431.0,489.0,40.0,43.0,79.0,21.0,0
1554.0,10.0,2.0,515.0,403.0,343.0,399.0,650.0,519.0,439.0,509.0,25.0,20.0,38.0,3.0,0
1561.0,10.0,1.0,456.0,375.0,333.0,396.0,588.0,491.0,437.0,515.0,75.0,50.0,51.0,2.0,0
1564.0,10.0,0.0,796.0,547.0,451.0,608.0,972.0,686.0,567.0,753.0,203.0,177.0,161.0,8.0,1
1566.0,10.0,2.0,471.0,382.0,339.0,379.0,596.0,490.0,439.0,487.0,37.0,39.0,49.0,17.0,0
1569.0,10.0,0.0,684.0,517.0,462.0,558.0,862.0,665.0,594.0,711.0,235.0,206.0,167.0,17.0,1
1570.0,10.0,2.0,457.0,386.0,360.0,398.0,587.0,496.0,460.0,511.0,44.0,58.0,40.0,4.0,0
1572.0,10.0,1.0,495.0,408.0,328.0,363.0,623.0,509.0,407.0,453.0,105.0,135.0,254.0,109.0,1
1574.0,10.0,0.0,666.0,474.0,390.0,502.0,817.0,594.0,493.0,624.0,258.0,254.0,241.0,40.0,1
1577.0,10.0,1.0,523.0,428.0,353.0,399.0,661.0,542.0,445.0,506.0,69.0,116.0,111.0,54.0,1
1580.0,10.0,1.0,555.0,423.0,351.0,433.0,686.0,538.0,435.0,540.0,76.0,78.0,81.0,11.0,0
1586.0,10.0,2.0,516.0,454.0,329.0,450.0,630.0,550.0,390.0,546.0,21.0,9.0,10.0,0.0,0
1591.0,10.0,2.0,370.0,308.0,294.0,317.0,439.0,368.0,355.0,379.0,16.0,17.0,17.0,5.0,0
1598.0,10.0,0.0,619.0,444.0,378.0,489.0,768.0,553.0,464.0,607.0,650.0,552.0,391.0,64.0,1
1599.0,10.0,1.0,477.0,386.0,344.0,390.0,603.0,496.0,445.0,500.0,88.0,90.0,114.0,19.0,1
1601.0,10.0,1.0,466.0,391.0,353.0,392.0,595.0,502.0,454.0,502.0,98.0,50.0,97.0,27.0,1
1602.0,10.0,1.0,447.0,388.0,340.0,373.0,571.0,496.0,440.0,479.0,47.0,41.0,80.0,11.0,0
3484.0,10.0,2.0,429.0,371.0,312.0,388.0,519.0,492.0,390.0,484.0,19.0,12.0,6.0,1.0,0
1610.0,11.0,0.0,713.0,532.0,458.0,570.0,887.0,677.0,587.0,719.0,442.0,285.0,272.0,100.0,1
21078.0,11.0,2.0,513.0,,396.0,449.0,654.0,,512.0,576.0,8.0,4.0,8.0,0.0,0
29020.0,11.0,2.0,576.0,461.0,414.0,467.0,731.0,591.0,534.0,598.0,43.0,47.0,37.0,14.0,0
1846.0,12.0,2.0,367.0,324.0,286.0,313.0,473.0,412.0,359.0,398.0,16.0,13.0,28.0,3.0,0
1847.0,12.0,2.0,484.0,416.0,339.0,382.0,606.0,522.0,440.0,486.0,20.0,12.0,30.0,10.0,0
1850.0,12.0,2.0,464.0,413.0,334.0,395.0,572.0,507.0,405.0,483.0,23.0,36.0,22.0,8.0,0
1852.0,12.0,2.0,436.0,361.0,312.0,338.0,512.0,445.0,379.0,407.0,11.0,10.0,25.0,8.0,0
1854.0,12.0,2.0,516.0,421.0,340.0,436.0,671.0,541.0,459.0,570.0,30.0,21.0,22.0,0.0,0
1856.0,12.0,2.0,578.0,426.0,368.0,468.0,693.0,534.0,463.0,574.0,31.0,22.0,17.0,5.0,0
1859.0,12.0,2.0,411.0,356.0,308.0,355.0,548.0,470.0,406.0,472.0,30.0,14.0,16.0,12.0,0
1860.0,12.0,1.0,601.0,458.0,409.0,481.0,762.0,578.0,496.0,600.0,101.0,61.0,107.0,16.0,1
1866.0,12.0,2.0,411.0,331.0,301.0,345.0,490.0,401.0,366.0,418.0,26.0,11.0,29.0,1.0,0
1867.0,12.0,2.0,385.0,320.0,295.0,329.0,481.0,405.0,377.0,416.0,22.0,31.0,20.0,2.0,0
1868.0,12.0,2.0,642.0,517.0,405.0,513.0,809.0,641.0,496.0,638.0,46.0,36.0,52.0,3.0,0
1869.0,12.0,0.0,684.0,506.0,404.0,534.0,842.0,635.0,514.0,666.0,467.0,353.0,284.0,84.0,1
1873.0,12.0,2.0,419.0,363.0,314.0,363.0,531.0,438.0,378.0,445.0,37.0,35.0,31.0,6.0,0
1874.0,12.0,2.0,478.0,399.0,347.0,404.0,630.0,548.0,445.0,531.0,63.0,26.0,50.0,16.0,0
1879.0,12.0,2.0,389.0,331.0,303.0,341.0,495.0,414.0,365.0,425.0,20.0,29.0,16.0,1.0,0
1880.0,12.0,2.0,379.0,356.0,334.0,337.0,465.0,427.0,396.0,405.0,7.0,20.0,28.0,8.0,0
1881.0,12.0,1.0,,,,302.0,,,,373.0,0.0,0.0,0.0,0.0,0
1883.0,12.0,2.0,430.0,372.0,311.0,344.0,531.0,477.0,394.0,434.0,9.0,16.0,27.0,6.0,0
1887.0,12.0,2.0,491.0,377.0,339.0,394.0,645.0,473.0,434.0,504.0,25.0,11.0,17.0,14.0,0
1889.0,12.0,2.0,431.0,374.0,325.0,362.0,541.0,471.0,401.0,450.0,29.0,15.0,44.0,8.0,0
1890.0,12.0,1.0,586.0,469.0,390.0,447.0,730.0,591.0,491.0,561.0,155.0,152.0,226.0,89.0,1
1891.0,12.0,2.0,351.0,315.0,309.0,323.0,443.0,392.0,358.0,396.0,19.0,23.0,14.0,2.0,0
1892.0,12.0,0.0,706.0,509.0,432.0,579.0,872.0,643.0,549.0,723.0,486.0,308.0,260.0,10.0,1
1893.0,12.0,2.0,,,287.0,303.0,,,348.0,366.0,4.0,5.0,6.0,12.0,0
1896.0,12.0,2.0,447.0,370.0,308.0,358.0,564.0,469.0,385.0,451.0,25.0,21.0,29.0,4.0,0
1899.0,12.0,2.0,,314.0,289.0,292.0,,388.0,355.0,359.0,5.0,13.0,22.0,14.0,0
1900.0,12.0,2.0,351.0,312.0,269.0,294.0,420.0,386.0,335.0,363.0,8.0,11.0,19.0,7.0,0
1616.0,13.0,1.0,448.0,391.0,354.0,391.0,566.0,498.0,453.0,498.0,157.0,111.0,100.0,7.0,1
1617.0,13.0,2.0,424.0,338.0,266.0,336.0,540.0,430.0,338.0,428.0,16.0,20.0,19.0,1.0,0
1620.0,13.0,1.0,466.0,382.0,337.0,368.0,588.0,487.0,433.0,471.0,128.0,99.0,113.0,120.0,1
1621.0,13.0,2.0,391.0,329.0,292.0,338.0,499.0,425.0,381.0,436.0,39.0,35.0,35.0,1.0,0
1624.0,13.0,2.0,,,,341.0,,,,448.0,0.0,0.0,0.0,0.0,0
1626.0,13.0,0.0,514.0,408.0,373.0,438.0,640.0,514.0,472.0,550.0,217.0,165.0,155.0,9.0,1
1633.0,14.0,2.0,527.0,425.0,362.0,418.0,648.0,523.0,449.0,517.0,41.0,28.0,50.0,18.0,0
1634.0,14.0,2.0,434.0,379.0,339.0,372.0,528.0,461.0,402.0,447.0,18.0,16.0,19.0,16.0,0
1635.0,14.0,2.0,507.0,405.0,333.0,402.0,599.0,473.0,394.0,474.0,9.0,9.0,14.0,0.0,0
1639.0,14.0,2.0,,,,312.0,,,,370.0,0.0,0.0,0.0,0.0,0
1641.0,14.0,1.0,570.0,464.0,378.0,442.0,679.0,562.0,449.0,529.0,75.0,88.0,100.0,30.0,1
1664.0,14.0,2.0,446.0,422.0,345.0,392.0,551.0,524.0,435.0,489.0,12.0,15.0,23.0,0.0,0
1665.0,14.0,2.0,,,,349.0,,,,446.0,0.0,0.0,0.0,0.0,0
1666.0,14.0,2.0,399.0,351.0,295.0,351.0,487.0,435.0,374.0,435.0,30.0,23.0,24.0,1.0,0
1671.0,14.0,1.0,702.0,543.0,427.0,524.0,857.0,681.0,527.0,648.0,120.0,173.0,152.0,55.0,1
1674.0,14.0,1.0,442.0,373.0,333.0,364.0,515.0,438.0,393.0,428.0,190.0,161.0,120.0,87.0,1
1678.0,14.0,2.0,,370.0,315.0,355.0,,458.0,390.0,438.0,5.0,16.0,16.0,0.0,0
1684.0,14.0,2.0,374.0,331.0,292.0,336.0,466.0,424.0,370.0,422.0,27.0,11.0,15.0,4.0,0
1688.0,14.0,2.0,522.0,424.0,347.0,424.0,621.0,503.0,410.0,502.0,16.0,18.0,14.0,3.0,0
1691.0,14.0,0.0,680.0,480.0,452.0,512.0,836.0,606.0,558.0,636.0,93.0,81.0,73.0,11.0,1
1692.0,14.0,0.0,548.0,436.0,373.0,460.0,638.0,514.0,445.0,541.0,289.0,187.0,244.0,0.0,1
1693.0,14.0,1.0,460.0,378.0,359.0,394.0,529.0,439.0,418.0,455.0,139.0,88.0,71.0,0.0,1
1694.0,14.0,1.0,446.0,369.0,320.0,345.0,509.0,425.0,371.0,399.0,120.0,65.0,77.0,14.0,1
1696.0,14.0,2.0,570.0,452.0,374.0,445.0,729.0,593.0,477.0,572.0,32.0,42.0,47.0,8.0,0
1700.0,14.0,2.0,400.0,358.0,305.0,358.0,486.0,445.0,366.0,438.0,10.0,12.0,6.0,1.0,0
1703.0,14.0,2.0,,357.0,,319.0,,423.0,,377.0,1.0,11.0,3.0,4.0,0
1704.0,14.0,2.0,508.0,414.0,342.0,432.0,650.0,518.0,416.0,544.0,35.0,17.0,20.0,5.0,0
1706.0,14.0,2.0,644.0,475.0,402.0,495.0,843.0,650.0,543.0,662.0,26.0,22.0,24.0,5.0,0
1707.0,14.0,1.0,467.0,392.0,330.0,357.0,561.0,481.0,407.0,437.0,37.0,20.0,29.0,52.0,0
1710.0,14.0,0.0,761.0,536.0,433.0,570.0,924.0,664.0,536.0,701.0,164.0,230.0,163.0,6.0,1
1717.0,14.0,2.0,324.0,263.0,250.0,262.0,393.0,334.0,307.0,318.0,13.0,9.0,16.0,31.0,0
1722.0,14.0,2.0,433.0,397.0,341.0,381.0,539.0,493.0,407.0,467.0,16.0,10.0,16.0,5.0,0
1724.0,14.0,2.0,478.0,409.0,313.0,386.0,583.0,501.0,383.0,472.0,34.0,38.0,46.0,6.0,0
1725.0,14.0,2.0,443.0,339.0,325.0,381.0,544.0,412.0,385.0,464.0,20.0,12.0,11.0,1.0,0
1733.0,14.0,1.0,490.0,405.0,337.0,348.0,566.0,472.0,394.0,405.0,20.0,51.0,120.0,23.0,0
1734.0,14.0,2.0,473.0,399.0,348.0,398.0,588.0,501.0,437.0,497.0,24.0,40.0,28.0,5.0,0
1735.0,14.0,2.0,415.0,337.0,285.0,339.0,540.0,426.0,352.0,431.0,23.0,18.0,18.0,2.0,0
1737.0,14.0,0.0,578.0,435.0,375.0,440.0,667.0,509.0,443.0,515.0,314.0,266.0,246.0,112.0,1
1739.0,14.0,0.0,860.0,596.0,496.0,712.0,1045.0,735.0,602.0,868.0,460.0,209.0,203.0,0.0,1
1741.0,14.0,1.0,391.0,335.0,278.0,320.0,476.0,412.0,346.0,395.0,26.0,22.0,36.0,8.0,0
1744.0,14.0,2.0,465.0,400.0,345.0,395.0,572.0,540.0,414.0,490.0,20.0,9.0,13.0,7.0,0
1745.0,14.0,2.0,372.0,371.0,285.0,345.0,459.0,462.0,351.0,427.0,18.0,21.0,14.0,2.0,0
1749.0,14.0,1.0,484.0,405.0,359.0,416.0,610.0,517.0,464.0,531.0,50.0,58.0,42.0,2.0,0
1750.0,14.0,2.0,448.0,378.0,377.0,382.0,543.0,479.0,454.0,468.0,10.0,25.0,34.0,3.0,0
1758.0,14.0,0.0,564.0,436.0,359.0,422.0,657.0,517.0,431.0,500.0,272.0,255.0,313.0,33.0,1
1759.0,14.0,1.0,531.0,442.0,389.0,453.0,616.0,520.0,462.0,531.0,168.0,126.0,95.0,24.0,1
1767.0,14.0,1.0,463.0,395.0,315.0,409.0,576.0,493.0,403.0,511.0,38.0,36.0,17.0,0.0,0
1768.0,14.0,1.0,551.0,452.0,388.0,439.0,667.0,548.0,471.0,531.0,22.0,78.0,53.0,6.0,0
1772.0,14.0,2.0,,346.0,291.0,320.0,,406.0,347.0,377.0,5.0,11.0,13.0,2.0,0
1774.0,14.0,0.0,894.0,586.0,515.0,742.0,1104.0,724.0,636.0,916.0,467.0,138.0,161.0,36.0,1
1775.0,14.0,0.0,682.0,493.0,421.0,570.0,783.0,574.0,494.0,659.0,927.0,520.0,393.0,1.0,1
1776.0,14.0,0.0,656.0,476.0,411.0,513.0,755.0,555.0,483.0,596.0,401.0,369.0,296.0,20.0,1
1780.0,14.0,1.0,506.0,427.0,350.0,421.0,587.0,500.0,414.0,493.0,241.0,171.0,123.0,62.0,1
1781.0,14.0,1.0,510.0,437.0,368.0,452.0,640.0,569.0,461.0,574.0,67.0,54.0,32.0,3.0,0
3970.0,14.0,2.0,576.0,540.0,396.0,487.0,694.0,660.0,480.0,591.0,15.0,12.0,16.0,4.0,0
9333.0,14.0,1.0,499.0,437.0,370.0,433.0,594.0,516.0,447.0,516.0,50.0,62.0,46.0,5.0,0
1785.0,15.0,2.0,415.0,340.0,316.0,347.0,532.0,427.0,389.0,437.0,43.0,45.0,36.0,14.0,0
1786.0,15.0,0.0,517.0,410.0,332.0,384.0,666.0,537.0,438.0,501.0,297.0,160.0,350.0,155.0,1
1787.0,15.0,2.0,,,285.0,295.0,,,363.0,376.0,5.0,4.0,26.0,1.0,0
1788.0,15.0,1.0,521.0,442.0,366.0,439.0,650.0,551.0,447.0,544.0,72.0,66.0,77.0,3.0,0
1792.0,15.0,2.0,540.0,433.0,361.0,452.0,695.0,570.0,465.0,587.0,51.0,57.0,38.0,0.0,0
1793.0,15.0,2.0,514.0,394.0,338.0,445.0,639.0,483.0,414.0,551.0,44.0,13.0,22.0,0.0,0
1795.0,15.0,1.0,500.0,415.0,351.0,414.0,602.0,505.0,415.0,496.0,57.0,43.0,58.0,4.0,0
1798.0,15.0,2.0,440.0,363.0,325.0,381.0,549.0,453.0,411.0,477.0,24.0,16.0,20.0,0.0,0
1799.0,15.0,2.0,388.0,341.0,291.0,345.0,479.0,410.0,344.0,418.0,37.0,19.0,28.0,0.0,0
1800.0,15.0,2.0,326.0,264.0,228.0,285.0,439.0,372.0,334.0,395.0,14.0,11.0,6.0,0.0,0
1801.0,15.0,2.0,555.0,437.0,377.0,432.0,682.0,539.0,455.0,524.0,28.0,16.0,35.0,13.0,0
1803.0,15.0,2.0,438.0,367.0,305.0,358.0,544.0,455.0,379.0,444.0,11.0,11.0,13.0,3.0,0
1804.0,15.0,1.0,487.0,408.0,358.0,382.0,620.0,515.0,433.0,469.0,16.0,38.0,52.0,19.0,0
1808.0,15.0,1.0,493.0,421.0,377.0,384.0,636.0,545.0,477.0,491.0,35.0,38.0,58.0,50.0,0
1809.0,15.0,0.0,674.0,479.0,399.0,540.0,852.0,615.0,507.0,685.0,624.0,344.0,305.0,1.0,1
1811.0,15.0,2.0,,405.0,327.0,341.0,,529.0,424.0,443.0,5.0,12.0,24.0,0.0,0
1812.0,15.0,1.0,498.0,408.0,340.0,385.0,648.0,534.0,444.0,503.0,53.0,106.0,123.0,15.0,1
1813.0,15.0,1.0,643.0,469.0,405.0,469.0,820.0,604.0,514.0,599.0,170.0,217.0,215.0,1.0,1
1814.0,15.0,2.0,519.0,432.0,380.0,397.0,665.0,548.0,482.0,504.0,13.0,21.0,29.0,0.0,0
1815.0,15.0,1.0,544.0,446.0,355.0,410.0,694.0,575.0,449.0,522.0,25.0,63.0,33.0,0.0,0
1816.0,15.0,1.0,544.0,445.0,391.0,420.0,696.0,571.0,495.0,537.0,32.0,56.0,57.0,0.0,0
1817.0,15.0,1.0,529.0,408.0,369.0,422.0,679.0,526.0,470.0,540.0,41.0,24.0,42.0,0.0,0
1820.0,15.0,2.0,412.0,340.0,289.0,340.0,527.0,416.0,348.0,420.0,24.0,22.0,17.0,11.0,0
1821.0,15.0,2.0,420.0,329.0,303.0,330.0,520.0,411.0,379.0,411.0,15.0,23.0,34.0,5.0,0
1822.0,15.0,2.0,396.0,342.0,294.0,335.0,492.0,431.0,367.0,418.0,22.0,23.0,34.0,2.0,0
1824.0,15.0,2.0,,282.0,252.0,269.0,,340.0,314.0,328.0,3.0,11.0,10.0,4.0,0
1825.0,15.0,0.0,721.0,485.0,423.0,562.0,920.0,631.0,548.0,722.0,603.0,411.0,400.0,29.0,1
1827.0,15.0,1.0,519.0,413.0,364.0,405.0,677.0,541.0,479.0,530.0,47.0,105.0,74.0,21.0,0
1830.0,15.0,2.0,608.0,522.0,447.0,549.0,797.0,679.0,568.0,715.0,51.0,29.0,21.0,0.0,0
1832.0,15.0,2.0,,334.0,313.0,316.0,,393.0,371.0,373.0,3.0,8.0,21.0,5.0,0
1833.0,15.0,2.0,373.0,374.0,312.0,344.0,486.0,478.0,400.0,443.0,13.0,12.0,19.0,1.0,0
1834.0,15.0,2.0,324.0,264.0,235.0,265.0,426.0,350.0,316.0,353.0,6.0,6.0,9.0,2.0,0
1835.0,15.0,2.0,307.0,234.0,199.0,232.0,382.0,295.0,246.0,290.0,11.0,11.0,18.0,4.0,0
1836.0,15.0,2.0,524.0,391.0,331.0,388.0,675.0,509.0,435.0,505.0,21.0,43.0,52.0,1.0,0
1837.0,15.0,2.0,357.0,,,332.0,405.0,,,376.0,6.0,3.0,5.0,1.0,0
1838.0,15.0,2.0,404.0,352.0,300.0,355.0,555.0,486.0,382.0,480.0,36.0,31.0,25.0,3.0,0
1839.0,15.0,2.0,395.0,324.0,291.0,340.0,485.0,395.0,356.0,415.0,23.0,28.0,10.0,3.0,0
1840.0,15.0,0.0,798.0,562.0,470.0,637.0,985.0,701.0,573.0,787.0,274.0,195.0,164.0,11.0,1
1842.0,15.0,1.0,559.0,423.0,372.0,446.0,681.0,525.0,459.0,548.0,67.0,58.0,74.0,5.0,0
1844.0,15.0,2.0,612.0,474.0,371.0,501.0,770.0,602.0,482.0,637.0,31.0,22.0,20.0,1.0,0
9563.0,15.0,0.0,500.0,394.0,343.0,423.0,647.0,513.0,438.0,545.0,248.0,133.0,151.0,16.0,1
1903.0,16.0,2.0,369.0,318.0,288.0,327.0,443.0,396.0,346.0,397.0,18.0,18.0,16.0,0.0,0
1904.0,16.0,2.0,335.0,280.0,248.0,281.0,415.0,360.0,308.0,350.0,16.0,9.0,24.0,2.0,0
1905.0,16.0,2.0,325.0,285.0,267.0,285.0,408.0,356.0,336.0,358.0,16.0,19.0,8.0,5.0,0
1915.0,16.0,1.0,446.0,378.0,325.0,377.0,556.0,475.0,412.0,474.0,84.0,56.0,71.0,21.0,0
1926.0,16.0,1.0,450.0,381.0,331.0,375.0,567.0,484.0,425.0,477.0,103.0,76.0,70.0,4.0,1
1927.0,16.0,1.0,435.0,390.0,330.0,367.0,553.0,499.0,427.0,471.0,67.0,67.0,78.0,26.0,0
1928.0,16.0,0.0,550.0,419.0,368.0,440.0,686.0,530.0,466.0,554.0,305.0,231.0,259.0,63.0,1
1929.0,16.0,2.0,337.0,290.0,265.0,293.0,394.0,343.0,299.0,340.0,11.0,14.0,10.0,3.0,0
1933.0,16.0,2.0,318.0,274.0,254.0,272.0,397.0,353.0,313.0,342.0,7.0,16.0,11.0,3.0,0
1937.0,16.0,2.0,338.0,292.0,264.0,284.0,410.0,348.0,309.0,338.0,13.0,12.0,22.0,8.0,0
1940.0,16.0,2.0,340.0,318.0,278.0,311.0,415.0,388.0,341.0,380.0,16.0,10.0,10.0,3.0,0
1943.0,16.0,2.0,336.0,301.0,261.0,282.0,390.0,358.0,313.0,335.0,10.0,11.0,15.0,5.0,0
1946.0,16.0,2.0,304.0,,222.0,257.0,385.0,,282.0,326.0,8.0,5.0,8.0,3.0,0
1948.0,16.0,0.0,579.0,422.0,367.0,485.0,714.0,529.0,458.0,603.0,474.0,297.0,204.0,6.0,1
1949.0,16.0,1.0,594.0,438.0,333.0,457.0,719.0,540.0,416.0,561.0,76.0,55.0,59.0,11.0,0
1950.0,16.0,1.0,555.0,417.0,361.0,415.0,679.0,518.0,450.0,514.0,101.0,154.0,188.0,24.0,1
7032.0,16.0,2.0,371.0,305.0,265.0,300.0,457.0,378.0,329.0,372.0,18.0,12.0,24.0,6.0,0
10256.0,16.0,2.0,335.0,316.0,278.0,296.0,374.0,368.0,327.0,342.0,11.0,16.0,16.0,7.0,0
1954.0,17.0,1.0,473.0,385.0,326.0,394.0,583.0,480.0,396.0,482.0,32.0,18.0,27.0,7.0,0
1955.0,17.0,2.0,552.0,428.0,355.0,436.0,675.0,518.0,421.0,525.0,32.0,43.0,31.0,6.0,0
1958.0,17.0,2.0,,322.0,273.0,299.0,,390.0,324.0,357.0,4.0,10.0,14.0,4.0,0
1959.0,17.0,2.0,342.0,278.0,252.0,277.0,422.0,350.0,318.0,347.0,12.0,11.0,16.0,7.0,0
1960.0,17.0,2.0,359.0,315.0,289.0,313.0,416.0,370.0,333.0,363.0,15.0,22.0,26.0,3.0,0
1961.0,17.0,2.0,521.0,418.0,351.0,431.0,653.0,514.0,423.0,532.0,27.0,21.0,21.0,4.0,0
1962.0,17.0,2.0,354.0,291.0,272.0,286.0,438.0,362.0,337.0,355.0,17.0,23.0,32.0,20.0,0
1963.0,17.0,1.0,519.0,439.0,371.0,442.0,648.0,551.0,468.0,555.0,237.0,135.0,185.0,29.0,1
1964.0,17.0,2.0,398.0,338.0,297.0,343.0,493.0,418.0,352.0,420.0,29.0,18.0,19.0,6.0,0
1968.0,17.0,2.0,460.0,403.0,329.0,377.0,576.0,505.0,416.0,474.0,26.0,35.0,52.0,5.0,0
1969.0,17.0,2.0,383.0,326.0,292.0,327.0,474.0,404.0,358.0,405.0,17.0,18.0,11.0,5.0,0
1972.0,17.0,2.0,,359.0,278.0,294.0,,427.0,331.0,349.0,2.0,7.0,11.0,18.0,0
1976.0,17.0,1.0,478.0,395.0,322.0,373.0,600.0,498.0,410.0,472.0,87.0,89.0,123.0,37.0,1
1977.0,17.0,1.0,462.0,396.0,342.0,383.0,601.0,520.0,451.0,503.0,95.0,101.0,101.0,7.0,1
1980.0,17.0,2.0,359.0,314.0,275.0,304.0,434.0,377.0,332.0,367.0,8.0,25.0,15.0,3.0,0
1987.0,17.0,2.0,447.0,393.0,318.0,384.0,627.0,526.0,424.0,521.0,18.0,25.0,18.0,2.0,0
1988.0,17.0,2.0,314.0,287.0,255.0,277.0,383.0,353.0,304.0,335.0,11.0,20.0,8.0,9.0,0
1989.0,17.0,0.0,634.0,473.0,418.0,521.0,760.0,574.0,504.0,628.0,470.0,416.0,308.0,6.0,1
1999.0,17.0,0.0,584.0,442.0,368.0,476.0,715.0,547.0,449.0,584.0,276.0,208.0,169.0,12.0,1
2001.0,17.0,2.0,352.0,324.0,277.0,312.0,432.0,394.0,345.0,382.0,12.0,30.0,18.0,1.0,0
2002.0,17.0,1.0,485.0,408.0,347.0,413.0,613.0,517.0,442.0,524.0,223.0,135.0,144.0,43.0,1
9275.0,17.0,1.0,506.0,427.0,350.0,388.0,623.0,529.0,432.0,478.0,83.0,96.0,90.0,14.0,1
2003.0,18.0,2.0,499.0,380.0,324.0,412.0,625.0,468.0,396.0,512.0,28.0,20.0,16.0,2.0,0
2004.0,18.0,2.0,494.0,373.0,342.0,350.0,567.0,437.0,398.0,406.0,8.0,15.0,59.0,10.0,0
2005.0,18.0,2.0,440.0,361.0,316.0,338.0,535.0,439.0,385.0,412.0,72.0,67.0,82.0,40.0,1
2006.0,18.0,1.0,442.0,392.0,329.0,349.0,491.0,437.0,369.0,391.0,48.0,48.0,124.0,45.0,1
2007.0,18.0,2.0,375.0,324.0,308.0,338.0,484.0,427.0,401.0,440.0,25.0,13.0,18.0,4.0,0
2008.0,18.0,1.0,472.0,408.0,344.0,391.0,549.0,494.0,418.0,467.0,129.0,93.0,131.0,36.0,1
2010.0,18.0,0.0,594.0,437.0,379.0,464.0,711.0,527.0,461.0,559.0,561.0,387.0,313.0,178.0,1
2013.0,18.0,1.0,458.0,414.0,337.0,385.0,539.0,498.0,403.0,458.0,53.0,37.0,48.0,18.0,0
2015.0,18.0,1.0,512.0,378.0,352.0,404.0,609.0,453.0,423.0,483.0,199.0,128.0,116.0,67.0,1
2016.0,18.0,1.0,593.0,451.0,393.0,476.0,728.0,560.0,482.0,587.0,77.0,103.0,45.0,2.0,0
2017.0,18.0,1.0,456.0,374.0,323.0,363.0,554.0,458.0,398.0,446.0,76.0,77.0,104.0,33.0,1
2020.0,18.0,1.0,459.0,376.0,325.0,343.0,559.0,458.0,396.0,418.0,88.0,102.0,159.0,100.0,1
2021.0,18.0,1.0,418.0,360.0,312.0,335.0,500.0,432.0,375.0,403.0,44.0,47.0,98.0,34.0,0
2023.0,18.0,2.0,,306.0,325.0,314.0,,378.0,400.0,385.0,1.0,9.0,9.0,6.0,0
2024.0,18.0,1.0,468.0,405.0,329.0,348.0,566.0,486.0,398.0,421.0,68.0,68.0,163.0,90.0,1
2026.0,18.0,2.0,406.0,329.0,298.0,320.0,487.0,397.0,361.0,387.0,23.0,22.0,64.0,11.0,0
2029.0,18.0,0.0,713.0,514.0,418.0,564.0,876.0,646.0,514.0,699.0,172.0,166.0,115.0,3.0,1
2031.0,18.0,0.0,533.0,409.0,359.0,402.0,633.0,493.0,434.0,483.0,147.0,136.0,167.0,98.0,1
2032.0,18.0,1.0,459.0,389.0,332.0,352.0,546.0,456.0,386.0,413.0,37.0,41.0,91.0,34.0,0
9636.0,18.0,1.0,455.0,392.0,336.0,367.0,538.0,464.0,398.0,434.0,100.0,88.0,210.0,48.0,1
2115.0,19.0,2.0,726.0,516.0,425.0,610.0,917.0,661.0,546.0,774.0,87.0,23.0,43.0,0.0,0
2117.0,19.0,2.0,407.0,364.0,318.0,341.0,499.0,470.0,377.0,416.0,6.0,9.0,14.0,4.0,0
2118.0,19.0,2.0,479.0,400.0,325.0,385.0,610.0,518.0,413.0,492.0,22.0,42.0,40.0,3.0,0
2120.0,19.0,2.0,507.0,393.0,326.0,395.0,652.0,518.0,407.0,510.0,24.0,63.0,38.0,0.0,0
2121.0,19.0,2.0,787.0,613.0,557.0,633.0,975.0,769.0,700.0,790.0,31.0,45.0,31.0,3.0,0
2124.0,19.0,1.0,717.0,566.0,493.0,575.0,894.0,708.0,599.0,712.0,48.0,84.0,56.0,10.0,0
2126.0,19.0,2.0,504.0,402.0,329.0,381.0,605.0,491.0,405.0,466.0,17.0,59.0,61.0,2.0,0
2128.0,19.0,0.0,784.0,569.0,496.0,614.0,964.0,717.0,604.0,761.0,165.0,245.0,126.0,10.0,1
2132.0,19.0,2.0,447.0,352.0,310.0,346.0,557.0,450.0,384.0,435.0,9.0,18.0,8.0,6.0,0
2133.0,19.0,0.0,687.0,493.0,403.0,550.0,859.0,619.0,496.0,686.0,142.0,71.0,40.0,3.0,1
2139.0,19.0,1.0,664.0,469.0,395.0,522.0,822.0,593.0,488.0,651.0,58.0,64.0,38.0,0.0,0
2140.0,19.0,2.0,431.0,353.0,305.0,342.0,524.0,429.0,371.0,415.0,10.0,18.0,19.0,5.0,0
2141.0,19.0,2.0,695.0,506.0,406.0,519.0,875.0,627.0,500.0,644.0,44.0,84.0,54.0,4.0,0
2146.0,19.0,1.0,669.0,502.0,386.0,488.0,874.0,652.0,494.0,632.0,21.0,33.0,35.0,3.0,0
2153.0,19.0,2.0,432.0,352.0,319.0,381.0,578.0,467.0,424.0,505.0,35.0,18.0,13.0,5.0,0
2155.0,19.0,0.0,1009.0,559.0,500.0,793.0,1236.0,723.0,653.0,989.0,654.0,149.0,255.0,8.0,1
2158.0,19.0,2.0,,336.0,322.0,320.0,,403.0,389.0,387.0,3.0,7.0,13.0,4.0,0
2161.0,19.0,0.0,664.0,539.0,464.0,587.0,805.0,662.0,577.0,717.0,223.0,191.0,52.0,10.0,1
2178.0,19.0,0.0,903.0,637.0,528.0,757.0,1124.0,806.0,678.0,951.0,583.0,177.0,164.0,36.0,1
2183.0,19.0,1.0,517.0,440.0,400.0,468.0,672.0,583.0,542.0,617.0,144.0,53.0,41.0,17.0,0
2184.0,19.0,1.0,512.0,429.0,395.0,444.0,644.0,540.0,501.0,560.0,87.0,56.0,70.0,11.0,0
2187.0,19.0,2.0,510.0,394.0,361.0,428.0,642.0,507.0,468.0,546.0,34.0,34.0,21.0,2.0,0
2189.0,19.0,1.0,523.0,419.0,378.0,457.0,662.0,530.0,478.0,578.0,79.0,46.0,44.0,0.0,0
2190.0,19.0,1.0,528.0,456.0,370.0,463.0,669.0,585.0,483.0,593.0,81.0,44.0,30.0,13.0,0
2192.0,19.0,2.0,694.0,505.0,400.0,541.0,866.0,645.0,496.0,678.0,73.0,47.0,51.0,3.0,0
2199.0,19.0,0.0,688.0,525.0,460.0,543.0,880.0,689.0,599.0,705.0,236.0,260.0,176.0,0.0,1
2206.0,19.0,2.0,504.0,425.0,345.0,407.0,627.0,542.0,426.0,513.0,9.0,20.0,14.0,1.0,0
2208.0,19.0,1.0,589.0,471.0,386.0,477.0,724.0,592.0,482.0,593.0,54.0,54.0,53.0,6.0,0
2209.0,19.0,1.0,732.0,514.0,405.0,591.0,932.0,646.0,502.0,747.0,127.0,70.0,59.0,6.0,1
2210.0,19.0,1.0,572.0,482.0,420.0,526.0,722.0,611.0,535.0,665.0,203.0,61.0,32.0,1.0,1
2211.0,19.0,1.0,520.0,404.0,321.0,376.0,643.0,501.0,399.0,467.0,34.0,45.0,78.0,17.0,0
2217.0,19.0,2.0,513.0,428.0,354.0,423.0,657.0,541.0,458.0,539.0,24.0,56.0,36.0,0.0,0
2218.0,19.0,1.0,727.0,548.0,484.0,611.0,925.0,706.0,599.0,777.0,111.0,73.0,33.0,15.0,0
2219.0,19.0,0.0,735.0,549.0,447.0,592.0,964.0,710.0,607.0,777.0,148.0,157.0,98.0,2.0,1
2221.0,19.0,0.0,704.0,537.0,438.0,607.0,880.0,680.0,557.0,762.0,650.0,306.0,146.0,7.0,1
2222.0,19.0,1.0,656.0,543.0,445.0,549.0,813.0,679.0,563.0,686.0,154.0,186.0,100.0,1.0,1
2224.0,19.0,2.0,757.0,550.0,453.0,603.0,988.0,712.0,570.0,779.0,97.0,44.0,74.0,4.0,0
2226.0,19.0,1.0,659.0,497.0,437.0,543.0,823.0,632.0,545.0,682.0,54.0,42.0,29.0,6.0,0
2227.0,19.0,2.0,602.0,435.0,357.0,486.0,740.0,539.0,448.0,601.0,44.0,16.0,25.0,6.0,0
2228.0,19.0,1.0,545.0,420.0,362.0,415.0,662.0,518.0,433.0,505.0,8.0,20.0,20.0,1.0,0
2229.0,19.0,2.0,707.0,503.0,417.0,543.0,923.0,669.0,566.0,719.0,77.0,36.0,88.0,0.0,0
2233.0,19.0,1.0,659.0,527.0,451.0,546.0,842.0,680.0,557.0,693.0,75.0,70.0,58.0,4.0,0
1436.0,20.0,2.0,,344.0,,352.0,,406.0,,416.0,5.0,7.0,5.0,0.0,0
2062.0,20.0,1.0,510.0,433.0,349.0,401.0,647.0,554.0,452.0,515.0,31.0,28.0,51.0,14.0,0
2065.0,20.0,2.0,443.0,377.0,309.0,362.0,493.0,441.0,365.0,419.0,19.0,25.0,29.0,3.0,0
2067.0,20.0,2.0,308.0,297.0,293.0,296.0,344.0,329.0,325.0,329.0,17.0,9.0,11.0,5.0,0
2068.0,20.0,2.0,557.0,435.0,366.0,431.0,707.0,559.0,476.0,554.0,26.0,32.0,36.0,4.0,0
2072.0,20.0,1.0,498.0,423.0,366.0,416.0,646.0,538.0,468.0,530.0,76.0,56.0,70.0,8.0,0
2073.0,20.0,2.0,529.0,387.0,358.0,411.0,661.0,489.0,452.0,518.0,21.0,27.0,23.0,4.0,0
2076.0,20.0,1.0,516.0,425.0,352.0,402.0,665.0,530.0,434.0,502.0,14.0,21.0,40.0,1.0,0
2077.0,20.0,0.0,798.0,542.0,435.0,593.0,972.0,677.0,551.0,734.0,330.0,110.0,160.0,52.0,1
2078.0,20.0,1.0,632.0,500.0,397.0,482.0,802.0,640.0,511.0,617.0,50.0,76.0,89.0,5.0,0
2083.0,20.0,1.0,594.0,517.0,439.0,450.0,743.0,651.0,558.0,571.0,26.0,41.0,91.0,42.0,0
2086.0,20.0,2.0,465.0,384.0,311.0,358.0,563.0,487.0,382.0,448.0,14.0,29.0,34.0,4.0,0
2091.0,20.0,1.0,543.0,445.0,357.0,404.0,679.0,562.0,458.0,513.0,54.0,63.0,78.0,8.0,0
2092.0,20.0,2.0,,,,437.0,,,,572.0,0.0,0.0,0.0,0.0,0
2095.0,20.0,2.0,560.0,426.0,347.0,426.0,686.0,533.0,430.0,526.0,24.0,35.0,29.0,9.0,0
2099.0,20.0,1.0,531.0,433.0,388.0,439.0,692.0,565.0,505.0,573.0,141.0,136.0,169.0,25.0,1
2101.0,20.0,2.0,595.0,455.0,377.0,492.0,721.0,556.0,466.0,600.0,125.0,100.0,67.0,7.0,1
2102.0,20.0,1.0,680.0,560.0,490.0,582.0,833.0,693.0,612.0,719.0,62.0,50.0,54.0,0.0,0
2103.0,20.0,0.0,703.0,487.0,406.0,539.0,865.0,608.0,505.0,669.0,535.0,388.0,163.0,133.0,1
2105.0,20.0,0.0,638.0,455.0,395.0,464.0,783.0,571.0,491.0,577.0,87.0,119.0,104.0,32.0,1
2106.0,20.0,1.0,500.0,455.0,388.0,379.0,630.0,572.0,493.0,482.0,8.0,33.0,25.0,5.0,0
2108.0,20.0,2.0,496.0,419.0,348.0,443.0,637.0,532.0,421.0,562.0,33.0,12.0,15.0,0.0,0
2109.0,20.0,2.0,477.0,379.0,313.0,412.0,612.0,489.0,400.0,530.0,36.0,30.0,10.0,3.0,0
2033.0,21.0,2.0,439.0,354.0,302.0,343.0,562.0,453.0,389.0,440.0,15.0,19.0,25.0,4.0,0
2036.0,21.0,2.0,671.0,490.0,404.0,518.0,824.0,600.0,494.0,635.0,45.0,31.0,45.0,6.0,0
2038.0,21.0,2.0,738.0,527.0,418.0,554.0,918.0,651.0,503.0,682.0,41.0,40.0,35.0,4.0,0
2039.0,21.0,2.0,745.0,515.0,383.0,524.0,904.0,622.0,453.0,629.0,43.0,33.0,60.0,4.0,0
2040.0,21.0,2.0,464.0,348.0,292.0,385.0,594.0,448.0,377.0,496.0,47.0,26.0,13.0,14.0,0
2041.0,21.0,2.0,436.0,347.0,320.0,356.0,555.0,442.0,415.0,456.0,9.0,10.0,12.0,2.0,0
2043.0,21.0,2.0,407.0,358.0,302.0,334.0,454.0,401.0,338.0,374.0,12.0,13.0,18.0,6.0,0
2050.0,21.0,1.0,450.0,380.0,323.0,354.0,545.0,468.0,396.0,434.0,11.0,22.0,39.0,4.0,0
2051.0,21.0,2.0,,321.0,283.0,295.0,,391.0,353.0,370.0,4.0,8.0,33.0,0.0,0
2052.0,21.0,2.0,,338.0,297.0,318.0,,404.0,341.0,374.0,2.0,7.0,8.0,0.0,0
2053.0,21.0,0.0,574.0,436.0,366.0,449.0,716.0,552.0,463.0,566.0,122.0,197.0,102.0,19.0,1
2055.0,21.0,2.0,465.0,355.0,284.0,360.0,582.0,459.0,366.0,462.0,7.0,24.0,8.0,0.0,0
6858.0,21.0,2.0,355.0,261.0,261.0,285.0,418.0,313.0,313.0,340.0,8.0,7.0,16.0,0.0,0
9762.0,21.0,1.0,584.0,439.0,362.0,459.0,724.0,558.0,459.0,578.0,78.0,144.0,61.0,7.0,1
2234.0,22.0,2.0,439.0,365.0,316.0,386.0,559.0,466.0,407.0,493.0,37.0,8.0,14.0,7.0,0
2235.0,22.0,2.0,562.0,443.0,346.0,462.0,716.0,573.0,437.0,589.0,47.0,27.0,33.0,2.0,0
2236.0,22.0,2.0,523.0,408.0,335.0,422.0,645.0,515.0,423.0,527.0,25.0,27.0,21.0,2.0,0
2239.0,22.0,2.0,387.0,313.0,275.0,319.0,491.0,376.0,331.0,392.0,27.0,32.0,27.0,4.0,0
2241.0,22.0,2.0,471.0,410.0,363.0,446.0,604.0,527.0,461.0,571.0,152.0,33.0,20.0,7.0,0
2243.0,22.0,1.0,588.0,460.0,397.0,490.0,768.0,612.0,534.0,648.0,230.0,191.0,137.0,23.0,1
2247.0,22.0,2.0,342.0,304.0,257.0,289.0,428.0,377.0,340.0,369.0,10.0,12.0,15.0,3.0,0
2252.0,22.0,2.0,309.0,,,295.0,377.0,,,362.0,1.0,2.0,4.0,0.0,0
2259.0,22.0,1.0,560.0,447.0,389.0,462.0,722.0,590.0,519.0,605.0,318.0,171.0,160.0,17.0,1
2260.0,22.0,1.0,546.0,470.0,409.0,467.0,713.0,631.0,566.0,628.0,143.0,160.0,151.0,10.0,1
2266.0,22.0,2.0,353.0,287.0,254.0,283.0,474.0,376.0,326.0,371.0,9.0,19.0,12.0,4.0,0
2268.0,22.0,2.0,568.0,479.0,387.0,467.0,726.0,619.0,508.0,604.0,91.0,105.0,118.0,7.0,1
2273.0,22.0,2.0,515.0,420.0,350.0,443.0,681.0,559.0,455.0,585.0,70.0,49.0,38.0,2.0,0
2275.0,22.0,2.0,553.0,440.0,352.0,452.0,696.0,569.0,440.0,571.0,36.0,25.0,24.0,7.0,0
2282.0,22.0,2.0,482.0,395.0,352.0,382.0,576.0,465.0,430.0,459.0,19.0,12.0,42.0,11.0,0
2284.0,22.0,2.0,433.0,365.0,290.0,348.0,534.0,450.0,358.0,429.0,7.0,26.0,13.0,3.0,0
2290.0,22.0,0.0,651.0,493.0,413.0,555.0,843.0,663.0,569.0,732.0,949.0,494.0,350.0,47.0,1
2292.0,22.0,1.0,668.0,482.0,420.0,511.0,854.0,638.0,563.0,671.0,99.0,124.0,95.0,11.0,1
2293.0,22.0,2.0,510.0,446.0,357.0,422.0,661.0,596.0,473.0,557.0,32.0,35.0,38.0,7.0,0
2301.0,22.0,1.0,571.0,459.0,347.0,467.0,749.0,609.0,468.0,619.0,149.0,72.0,61.0,21.0,1
2307.0,22.0,1.0,633.0,518.0,432.0,534.0,831.0,690.0,582.0,710.0,123.0,142.0,85.0,8.0,1
2308.0,22.0,2.0,400.0,,306.0,329.0,487.0,,357.0,390.0,13.0,4.0,23.0,2.0,0
2314.0,22.0,1.0,499.0,448.0,364.0,446.0,642.0,586.0,482.0,580.0,91.0,40.0,29.0,6.0,0
2316.0,22.0,2.0,,342.0,300.0,325.0,,443.0,383.0,418.0,2.0,31.0,23.0,1.0,0
2318.0,22.0,2.0,368.0,321.0,284.0,320.0,455.0,398.0,370.0,400.0,22.0,15.0,19.0,6.0,0
2326.0,22.0,1.0,552.0,452.0,408.0,451.0,701.0,583.0,531.0,582.0,70.0,66.0,51.0,0.0,0
2327.0,22.0,1.0,566.0,460.0,409.0,437.0,708.0,582.0,522.0,555.0,43.0,46.0,57.0,1.0,0
2329.0,22.0,0.0,683.0,525.0,447.0,535.0,846.0,664.0,560.0,669.0,317.0,267.0,216.0,8.0,1
2330.0,22.0,0.0,603.0,489.0,396.0,502.0,755.0,620.0,505.0,633.0,285.0,233.0,189.0,24.0,1
4673.0,22.0,2.0,,,370.0,385.0,,,481.0,496.0,5.0,4.0,25.0,2.0,0
6771.0,22.0,2.0,401.0,333.0,263.0,360.0,489.0,413.0,331.0,442.0,29.0,11.0,6.0,2.0,0
9092.0,22.0,0.0,777.0,577.0,460.0,605.0,955.0,731.0,595.0,760.0,850.0,419.0,472.0,9.0,1
2334.0,23.0,2.0,432.0,356.0,314.0,357.0,559.0,449.0,387.0,450.0,35.0,29.0,58.0,1.0,0
2336.0,23.0,1.0,490.0,403.0,341.0,419.0,629.0,520.0,443.0,539.0,91.0,40.0,50.0,11.0,0
2340.0,23.0,2.0,638.0,486.0,394.0,521.0,807.0,604.0,505.0,659.0,68.0,36.0,45.0,4.0,0
2341.0,23.0,2.0,493.0,404.0,334.0,381.0,595.0,512.0,405.0,468.0,18.0,50.0,47.0,8.0,0
2342.0,23.0,2.0,428.0,369.0,326.0,356.0,515.0,448.0,385.0,427.0,27.0,53.0,54.0,9.0,0
2343.0,23.0,2.0,461.0,374.0,327.0,345.0,568.0,466.0,421.0,436.0,14.0,31.0,50.0,18.0,0
2345.0,23.0,1.0,563.0,429.0,366.0,402.0,702.0,538.0,465.0,508.0,31.0,104.0,146.0,29.0,1
2346.0,23.0,2.0,527.0,419.0,356.0,413.0,638.0,503.0,426.0,496.0,47.0,38.0,60.0,21.0,0
2347.0,23.0,2.0,407.0,363.0,319.0,353.0,493.0,443.0,394.0,433.0,14.0,12.0,23.0,1.0,0
2353.0,23.0,2.0,486.0,402.0,338.0,408.0,625.0,507.0,423.0,518.0,59.0,47.0,44.0,12.0,0
2354.0,23.0,1.0,556.0,451.0,342.0,461.0,706.0,575.0,424.0,583.0,58.0,29.0,27.0,8.0,0
2358.0,23.0,2.0,639.0,492.0,406.0,514.0,807.0,622.0,500.0,645.0,46.0,32.0,36.0,7.0,0
2360.0,23.0,1.0,523.0,441.0,371.0,453.0,662.0,567.0,482.0,580.0,210.0,138.0,125.0,16.0,1
2367.0,23.0,1.0,512.0,421.0,353.0,419.0,651.0,544.0,461.0,540.0,131.0,65.0,120.0,29.0,1
2371.0,23.0,2.0,373.0,339.0,313.0,333.0,510.0,454.0,406.0,441.0,13.0,16.0,27.0,1.0,0
2375.0,23.0,2.0,525.0,417.0,355.0,459.0,686.0,551.0,466.0,602.0,57.0,40.0,19.0,1.0,0
2377.0,23.0,1.0,518.0,417.0,354.0,441.0,662.0,546.0,464.0,570.0,259.0,143.0,146.0,25.0,1
2379.0,23.0,2.0,512.0,412.0,353.0,418.0,672.0,523.0,435.0,532.0,37.0,44.0,38.0,6.0,0
2380.0,23.0,1.0,488.0,396.0,295.0,389.0,595.0,483.0,358.0,473.0,28.0,23.0,27.0,3.0,0
2382.0,23.0,2.0,551.0,417.0,355.0,446.0,673.0,509.0,430.0,543.0,82.0,93.0,49.0,11.0,0
2388.0,23.0,1.0,551.0,446.0,386.0,458.0,719.0,591.0,520.0,606.0,90.0,112.0,72.0,11.0,1
2389.0,23.0,2.0,533.0,399.0,334.0,389.0,697.0,534.0,457.0,522.0,27.0,23.0,45.0,17.0,0
2394.0,23.0,2.0,515.0,420.0,358.0,430.0,652.0,537.0,454.0,547.0,118.0,73.0,85.0,17.0,1
3969.0,23.0,0.0,662.0,468.0,418.0,557.0,842.0,613.0,552.0,719.0,785.0,468.0,271.0,12.0,1
9058.0,23.0,2.0,430.0,356.0,313.0,375.0,597.0,464.0,404.0,503.0,43.0,48.0,12.0,7.0,0
2449.0,24.0,2.0,379.0,340.0,295.0,317.0,459.0,404.0,349.0,377.0,10.0,13.0,17.0,12.0,0
2453.0,24.0,2.0,402.0,336.0,252.0,310.0,478.0,403.0,308.0,374.0,11.0,20.0,22.0,3.0,0
2454.0,24.0,1.0,517.0,440.0,379.0,429.0,630.0,538.0,467.0,526.0,158.0,103.0,135.0,53.0,1
2456.0,24.0,2.0,362.0,307.0,273.0,299.0,437.0,375.0,336.0,364.0,10.0,11.0,22.0,3.0,0
2460.0,24.0,2.0,396.0,348.0,297.0,332.0,463.0,406.0,347.0,388.0,9.0,20.0,22.0,1.0,0
2461.0,24.0,2.0,448.0,394.0,323.0,375.0,546.0,483.0,400.0,460.0,26.0,23.0,31.0,2.0,0
2466.0,24.0,2.0,350.0,298.0,302.0,304.0,431.0,370.0,374.0,377.0,12.0,6.0,8.0,14.0,0
2473.0,24.0,2.0,440.0,,299.0,373.0,535.0,,357.0,450.0,26.0,1.0,13.0,7.0,0
2479.0,24.0,1.0,414.0,335.0,282.0,308.0,506.0,413.0,350.0,381.0,22.0,22.0,45.0,30.0,0
2480.0,24.0,1.0,416.0,367.0,306.0,340.0,477.0,422.0,354.0,392.0,15.0,27.0,55.0,0.0,0
2482.0,24.0,1.0,449.0,355.0,310.0,359.0,548.0,434.0,378.0,442.0,26.0,13.0,27.0,12.0,0
2488.0,24.0,2.0,489.0,406.0,349.0,389.0,592.0,496.0,430.0,476.0,42.0,50.0,67.0,28.0,0
2489.0,24.0,2.0,,318.0,285.0,302.0,,379.0,334.0,357.0,4.0,18.0,22.0,3.0,0
2490.0,24.0,2.0,473.0,393.0,334.0,385.0,580.0,483.0,414.0,474.0,44.0,44.0,64.0,9.0,0
2495.0,24.0,1.0,505.0,411.0,342.0,385.0,615.0,502.0,422.0,473.0,54.0,103.0,142.0,27.0,1
2496.0,24.0,1.0,526.0,404.0,348.0,379.0,634.0,490.0,425.0,461.0,48.0,49.0,85.0,36.0,0
2498.0,24.0,2.0,341.0,320.0,283.0,299.0,407.0,388.0,336.0,356.0,10.0,8.0,24.0,3.0,0
2499.0,24.0,2.0,448.0,380.0,350.0,369.0,548.0,460.0,422.0,448.0,15.0,31.0,33.0,9.0,0
2500.0,24.0,2.0,446.0,392.0,350.0,393.0,547.0,483.0,425.0,482.0,27.0,25.0,23.0,4.0,0
2501.0,24.0,1.0,505.0,432.0,359.0,416.0,612.0,527.0,441.0,508.0,113.0,99.0,106.0,45.0,1
2503.0,24.0,1.0,516.0,422.0,364.0,417.0,617.0,510.0,441.0,502.0,247.0,151.0,180.0,43.0,1
2506.0,24.0,0.0,657.0,475.0,402.0,500.0,783.0,575.0,484.0,600.0,133.0,111.0,120.0,31.0,1
2512.0,24.0,2.0,,,,282.0,,,,364.0,0.0,0.0,0.0,0.0,0
2516.0,24.0,0.0,603.0,456.0,407.0,485.0,729.0,560.0,499.0,592.0,336.0,256.0,244.0,63.0,1
2517.0,24.0,0.0,663.0,508.0,454.0,564.0,802.0,626.0,557.0,686.0,114.0,79.0,56.0,4.0,0
2518.0,24.0,0.0,580.0,445.0,381.0,473.0,702.0,545.0,467.0,577.0,151.0,167.0,107.0,9.0,1
2519.0,24.0,0.0,576.0,460.0,412.0,476.0,699.0,561.0,503.0,579.0,86.0,103.0,110.0,5.0,1
2520.0,24.0,0.0,782.0,534.0,451.0,601.0,952.0,652.0,540.0,730.0,264.0,136.0,175.0,18.0,1
2521.0,24.0,1.0,505.0,435.0,325.0,395.0,623.0,542.0,414.0,495.0,28.0,29.0,55.0,0.0,0
2523.0,24.0,2.0,451.0,390.0,298.0,381.0,549.0,481.0,361.0,465.0,17.0,17.0,12.0,4.0,0
2524.0,24.0,2.0,422.0,342.0,306.0,364.0,529.0,458.0,391.0,463.0,42.0,12.0,31.0,3.0,0
2525.0,24.0,2.0,370.0,303.0,290.0,312.0,476.0,374.0,350.0,390.0,13.0,13.0,13.0,5.0,0
7540.0,24.0,2.0,,294.0,281.0,265.0,,389.0,360.0,344.0,1.0,7.0,10.0,11.0,0
9089.0,24.0,2.0,,284.0,248.0,258.0,,366.0,308.0,324.0,4.0,8.0,21.0,5.0,0
2396.0,25.0,2.0,419.0,371.0,326.0,320.0,534.0,473.0,414.0,406.0,25.0,35.0,35.0,73.0,0
2397.0,25.0,2.0,364.0,304.0,298.0,314.0,423.0,355.0,348.0,366.0,9.0,8.0,15.0,2.0,0
2398.0,25.0,2.0,284.0,259.0,,263.0,347.0,315.0,,322.0,6.0,12.0,5.0,2.0,0
2403.0,25.0,1.0,400.0,337.0,314.0,337.0,487.0,413.0,386.0,413.0,60.0,32.0,47.0,36.0,0
2410.0,25.0,1.0,425.0,391.0,337.0,362.0,511.0,471.0,407.0,436.0,81.0,79.0,114.0,54.0,1
2414.0,25.0,2.0,498.0,376.0,322.0,387.0,615.0,478.0,381.0,475.0,25.0,27.0,29.0,4.0,0
2422.0,25.0,1.0,400.0,,306.0,324.0,492.0,,379.0,400.0,33.0,5.0,44.0,30.0,0
2423.0,25.0,0.0,540.0,432.0,389.0,455.0,649.0,521.0,471.0,548.0,278.0,191.0,155.0,40.0,1
2424.0,25.0,2.0,359.0,331.0,287.0,297.0,456.0,423.0,370.0,382.0,25.0,17.0,38.0,26.0,0
2433.0,25.0,2.0,341.0,280.0,302.0,285.0,382.0,313.0,337.0,318.0,11.0,8.0,24.0,18.0,0
2439.0,25.0,2.0,300.0,267.0,244.0,262.0,370.0,327.0,289.0,318.0,17.0,22.0,18.0,9.0,0
2440.0,25.0,0.0,558.0,428.0,384.0,440.0,676.0,524.0,471.0,537.0,138.0,111.0,158.0,29.0,1
2441.0,25.0,0.0,562.0,438.0,352.0,438.0,664.0,520.0,420.0,520.0,183.0,162.0,160.0,58.0,1
2526.0,26.0,2.0,394.0,343.0,285.0,326.0,478.0,413.0,344.0,394.0,12.0,23.0,29.0,0.0,0
2527.0,26.0,2.0,361.0,305.0,258.0,299.0,459.0,367.0,312.0,364.0,10.0,19.0,7.0,7.0,0
2530.0,26.0,1.0,409.0,358.0,292.0,348.0,500.0,440.0,364.0,430.0,47.0,41.0,48.0,5.0,0
2531.0,26.0,1.0,481.0,395.0,336.0,420.0,583.0,484.0,416.0,512.0,45.0,17.0,18.0,6.0,0
2532.0,26.0,0.0,497.0,397.0,346.0,407.0,602.0,487.0,427.0,498.0,154.0,146.0,144.0,24.0,1
2533.0,26.0,1.0,403.0,342.0,309.0,332.0,493.0,425.0,384.0,411.0,15.0,19.0,41.0,3.0,0
2536.0,26.0,0.0,446.0,365.0,323.0,392.0,537.0,442.0,395.0,474.0,200.0,79.0,95.0,16.0,1
2537.0,26.0,1.0,388.0,330.0,289.0,313.0,473.0,407.0,359.0,386.0,8.0,12.0,22.0,4.0,0
2905.0,27.0,1.0,524.0,448.0,409.0,432.0,637.0,547.0,496.0,526.0,68.0,106.0,116.0,15.0,1
2906.0,27.0,1.0,491.0,413.0,366.0,424.0,598.0,505.0,448.0,518.0,249.0,117.0,113.0,19.0,1
2907.0,27.0,2.0,533.0,436.0,350.0,417.0,647.0,532.0,430.0,510.0,40.0,41.0,37.0,4.0,0
2908.0,27.0,2.0,348.0,312.0,299.0,311.0,411.0,372.0,349.0,365.0,18.0,25.0,37.0,3.0,0
2909.0,27.0,2.0,352.0,312.0,287.0,297.0,412.0,360.0,335.0,347.0,13.0,12.0,14.0,13.0,0
2910.0,27.0,2.0,348.0,316.0,281.0,309.0,434.0,392.0,350.0,384.0,8.0,21.0,17.0,0.0,0
2911.0,27.0,2.0,351.0,377.0,300.0,323.0,418.0,437.0,346.0,375.0,9.0,16.0,16.0,11.0,0
2914.0,27.0,2.0,395.0,326.0,288.0,342.0,490.0,394.0,345.0,418.0,30.0,12.0,23.0,1.0,0
2918.0,27.0,2.0,626.0,460.0,356.0,506.0,801.0,591.0,440.0,644.0,60.0,34.0,32.0,4.0,0
2920.0,27.0,0.0,854.0,584.0,459.0,699.0,1055.0,728.0,553.0,862.0,330.0,149.0,141.0,0.0,1
2923.0,27.0,1.0,554.0,430.0,377.0,415.0,672.0,525.0,462.0,507.0,189.0,187.0,261.0,11.0,1
2926.0,27.0,2.0,472.0,415.0,338.0,398.0,580.0,510.0,420.0,489.0,32.0,32.0,16.0,3.0,0
2927.0,27.0,2.0,459.0,388.0,331.0,372.0,572.0,482.0,401.0,456.0,30.0,38.0,64.0,6.0,0
2928.0,27.0,1.0,525.0,437.0,375.0,407.0,640.0,536.0,460.0,499.0,27.0,72.0,50.0,4.0,0
2929.0,27.0,2.0,348.0,305.0,294.0,312.0,414.0,357.0,349.0,371.0,39.0,7.0,26.0,15.0,0
2930.0,27.0,2.0,377.0,331.0,309.0,333.0,456.0,400.0,367.0,404.0,11.0,21.0,10.0,2.0,0
2931.0,27.0,2.0,492.0,414.0,338.0,410.0,615.0,505.0,407.0,503.0,32.0,22.0,29.0,5.0,0
2933.0,27.0,2.0,475.0,397.0,330.0,349.0,591.0,496.0,407.0,435.0,14.0,25.0,35.0,9.0,0
2936.0,27.0,2.0,408.0,357.0,303.0,327.0,485.0,427.0,367.0,394.0,11.0,27.0,34.0,12.0,0
2941.0,27.0,2.0,377.0,323.0,295.0,345.0,462.0,410.0,357.0,426.0,47.0,26.0,17.0,1.0,0
2942.0,27.0,2.0,,257.0,263.0,259.0,,292.0,298.0,294.0,5.0,12.0,22.0,14.0,0
2944.0,27.0,2.0,356.0,308.0,259.0,309.0,426.0,378.0,309.0,372.0,35.0,16.0,18.0,11.0,0
2945.0,27.0,2.0,440.0,373.0,328.0,366.0,517.0,442.0,387.0,431.0,26.0,30.0,31.0,16.0,0
2946.0,27.0,2.0,348.0,309.0,295.0,316.0,416.0,371.0,353.0,379.0,21.0,21.0,19.0,1.0,0
2948.0,27.0,2.0,,304.0,274.0,299.0,,393.0,355.0,393.0,4.0,12.0,8.0,0.0,0
2950.0,27.0,1.0,551.0,447.0,373.0,423.0,670.0,547.0,460.0,518.0,56.0,84.0,70.0,9.0,1
2951.0,27.0,2.0,384.0,317.0,299.0,320.0,478.0,385.0,360.0,389.0,10.0,13.0,20.0,2.0,0
2954.0,27.0,1.0,538.0,403.0,341.0,413.0,655.0,495.0,421.0,505.0,49.0,32.0,31.0,2.0,0
2955.0,27.0,2.0,395.0,322.0,269.0,337.0,471.0,381.0,321.0,401.0,23.0,9.0,15.0,2.0,0
2957.0,27.0,2.0,427.0,360.0,319.0,350.0,511.0,437.0,384.0,422.0,14.0,21.0,20.0,8.0,0
2960.0,27.0,2.0,378.0,349.0,283.0,324.0,466.0,451.0,349.0,407.0,9.0,15.0,17.0,3.0,0
2962.0,27.0,2.0,,321.0,293.0,292.0,,383.0,348.0,345.0,5.0,19.0,43.0,25.0,0
2972.0,27.0,0.0,665.0,475.0,417.0,505.0,797.0,578.0,508.0,610.0,463.0,345.0,200.0,12.0,1
2974.0,27.0,0.0,701.0,512.0,410.0,565.0,837.0,620.0,498.0,678.0,572.0,329.0,212.0,18.0,1
2975.0,27.0,1.0,568.0,448.0,385.0,441.0,686.0,546.0,470.0,536.0,173.0,189.0,197.0,0.0,1
2976.0,27.0,0.0,610.0,443.0,377.0,435.0,735.0,540.0,461.0,529.0,140.0,178.0,135.0,8.0,1
2978.0,27.0,1.0,685.0,526.0,433.0,557.0,837.0,641.0,508.0,674.0,135.0,86.0,74.0,18.0,1
2979.0,27.0,2.0,,,,283.0,,,,352.0,0.0,0.0,0.0,0.0,0
2981.0,27.0,1.0,515.0,439.0,364.0,414.0,627.0,537.0,448.0,506.0,71.0,106.0,93.0,1.0,1
2984.0,27.0,1.0,533.0,419.0,366.0,421.0,648.0,511.0,449.0,514.0,94.0,105.0,108.0,1.0,1
2985.0,27.0,2.0,380.0,308.0,301.0,320.0,469.0,385.0,366.0,394.0,23.0,25.0,24.0,7.0,0
2986.0,27.0,2.0,480.0,421.0,365.0,407.0,587.0,516.0,451.0,500.0,39.0,48.0,30.0,6.0,0
2989.0,28.0,2.0,402.0,342.0,302.0,316.0,506.0,432.0,376.0,397.0,9.0,14.0,33.0,13.0,0
2993.0,28.0,2.0,415.0,,313.0,340.0,519.0,,399.0,429.0,9.0,4.0,21.0,3.0,0
2994.0,28.0,1.0,457.0,383.0,331.0,347.0,563.0,477.0,416.0,436.0,34.0,41.0,68.0,16.0,0
3005.0,28.0,0.0,460.0,391.0,345.0,379.0,572.0,489.0,431.0,473.0,130.0,124.0,163.0,27.0,1
3008.0,28.0,2.0,403.0,368.0,313.0,340.0,501.0,462.0,383.0,425.0,12.0,14.0,16.0,6.0,0
9265.0,28.0,1.0,473.0,391.0,353.0,398.0,545.0,458.0,420.0,467.0,130.0,125.0,149.0,6.0,1
2539.0,29.0,1.0,491.0,404.0,329.0,390.0,593.0,500.0,406.0,476.0,33.0,20.0,19.0,19.0,0
2540.0,29.0,2.0,,321.0,293.0,300.0,,395.0,347.0,362.0,5.0,13.0,19.0,6.0,0
2541.0,29.0,2.0,352.0,316.0,282.0,320.0,423.0,390.0,357.0,393.0,22.0,16.0,15.0,1.0,0
2542.0,29.0,1.0,649.0,462.0,351.0,437.0,793.0,562.0,418.0,529.0,66.0,119.0,127.0,22.0,1
2543.0,29.0,2.0,338.0,300.0,276.0,300.0,404.0,368.0,336.0,364.0,11.0,11.0,11.0,3.0,0
2544.0,29.0,2.0,436.0,392.0,326.0,360.0,521.0,465.0,391.0,431.0,17.0,7.0,28.0,5.0,0
2548.0,29.0,2.0,426.0,359.0,305.0,353.0,516.0,434.0,369.0,426.0,19.0,19.0,24.0,4.0,0
2551.0,29.0,1.0,509.0,433.0,365.0,409.0,618.0,533.0,448.0,502.0,81.0,89.0,92.0,9.0,1
2553.0,29.0,2.0,372.0,,278.0,301.0,449.0,,346.0,371.0,14.0,4.0,25.0,9.0,0
2554.0,29.0,1.0,528.0,446.0,417.0,452.0,635.0,540.0,507.0,547.0,149.0,115.0,97.0,36.0,1
2555.0,29.0,2.0,454.0,381.0,327.0,396.0,548.0,468.0,400.0,481.0,37.0,23.0,25.0,2.0,0
2559.0,29.0,2.0,483.0,402.0,308.0,367.0,584.0,493.0,385.0,452.0,14.0,8.0,19.0,9.0,0
2563.0,29.0,2.0,290.0,293.0,272.0,288.0,358.0,359.0,334.0,354.0,18.0,14.0,7.0,1.0,0
2565.0,29.0,0.0,661.0,477.0,410.0,523.0,792.0,584.0,505.0,635.0,436.0,344.0,316.0,31.0,1
2566.0,29.0,1.0,481.0,411.0,324.0,394.0,585.0,501.0,399.0,482.0,46.0,25.0,41.0,13.0,0
9743.0,29.0,2.0,379.0,340.0,289.0,317.0,449.0,404.0,346.0,378.0,6.0,12.0,23.0,0.0,0
9862.0,29.0,2.0,,407.0,377.0,368.0,,469.0,434.0,425.0,1.0,6.0,8.0,11.0,0
2572.0,30.0,2.0,397.0,380.0,277.0,329.0,488.0,468.0,349.0,410.0,9.0,9.0,19.0,1.0,0
2573.0,30.0,0.0,785.0,536.0,429.0,610.0,1002.0,686.0,532.0,774.0,163.0,89.0,114.0,5.0,1
2575.0,30.0,2.0,470.0,382.0,323.0,399.0,605.0,487.0,412.0,510.0,28.0,29.0,17.0,2.0,0
2579.0,30.0,2.0,423.0,329.0,251.0,327.0,551.0,437.0,313.0,423.0,20.0,20.0,23.0,2.0,0
2580.0,30.0,1.0,567.0,425.0,356.0,459.0,728.0,558.0,464.0,597.0,31.0,32.0,15.0,5.0,0
2584.0,30.0,2.0,335.0,299.0,261.0,286.0,393.0,383.0,312.0,349.0,6.0,11.0,13.0,4.0,0
2586.0,30.0,1.0,449.0,363.0,331.0,365.0,541.0,419.0,392.0,429.0,12.0,29.0,18.0,7.0,0
2587.0,30.0,2.0,512.0,403.0,338.0,381.0,633.0,508.0,435.0,483.0,16.0,35.0,51.0,7.0,0
2589.0,30.0,0.0,587.0,454.0,375.0,482.0,729.0,575.0,483.0,607.0,196.0,253.0,127.0,0.0,1
2590.0,30.0,2.0,494.0,417.0,337.0,426.0,622.0,532.0,439.0,542.0,61.0,46.0,40.0,2.0,0
2591.0,30.0,2.0,518.0,405.0,354.0,431.0,650.0,518.0,458.0,548.0,59.0,55.0,38.0,6.0,0
2597.0,31.0,2.0,476.0,434.0,354.0,406.0,602.0,547.0,443.0,510.0,12.0,13.0,17.0,4.0,0
2599.0,31.0,2.0,,305.0,252.0,266.0,,371.0,310.0,326.0,1.0,10.0,16.0,9.0,0
2600.0,31.0,2.0,426.0,388.0,322.0,365.0,490.0,437.0,384.0,420.0,9.0,19.0,16.0,3.0,0
2603.0,31.0,1.0,603.0,463.0,386.0,529.0,762.0,580.0,479.0,664.0,61.0,28.0,15.0,4.0,0
2608.0,31.0,2.0,490.0,425.0,373.0,403.0,592.0,509.0,450.0,487.0,19.0,13.0,30.0,8.0,0
2610.0,31.0,2.0,,351.0,311.0,320.0,,422.0,375.0,385.0,1.0,14.0,24.0,5.0,0
2613.0,31.0,2.0,649.0,525.0,405.0,520.0,840.0,697.0,558.0,692.0,80.0,66.0,90.0,1.0,0
2616.0,31.0,1.0,616.0,509.0,408.0,519.0,783.0,668.0,523.0,669.0,41.0,55.0,29.0,1.0,0
2617.0,31.0,1.0,647.0,521.0,417.0,532.0,802.0,661.0,541.0,672.0,155.0,130.0,125.0,9.0,1
2621.0,31.0,1.0,771.0,606.0,501.0,615.0,976.0,790.0,670.0,799.0,104.0,98.0,71.0,0.0,1
2622.0,31.0,1.0,640.0,516.0,423.0,525.0,833.0,691.0,582.0,700.0,115.0,107.0,115.0,3.0,1
2625.0,31.0,2.0,653.0,519.0,409.0,535.0,859.0,687.0,541.0,707.0,120.0,97.0,88.0,7.0,1
2627.0,31.0,0.0,963.0,564.0,437.0,749.0,1154.0,686.0,534.0,901.0,402.0,66.0,179.0,16.0,1
2628.0,31.0,1.0,636.0,552.0,511.0,564.0,764.0,668.0,604.0,677.0,59.0,103.0,41.0,1.0,0
2631.0,31.0,1.0,893.0,640.0,526.0,693.0,1097.0,812.0,682.0,871.0,141.0,125.0,73.0,16.0,1
2632.0,31.0,1.0,736.0,557.0,414.0,553.0,894.0,683.0,507.0,675.0,98.0,110.0,101.0,13.0,1
2638.0,31.0,2.0,477.0,391.0,317.0,404.0,600.0,498.0,412.0,514.0,46.0,42.0,21.0,5.0,0
2639.0,31.0,1.0,647.0,494.0,415.0,544.0,807.0,634.0,525.0,685.0,66.0,37.0,30.0,4.0,0
2642.0,31.0,2.0,644.0,524.0,422.0,525.0,845.0,691.0,557.0,690.0,108.0,81.0,123.0,1.0,1
4741.0,31.0,1.0,860.0,633.0,510.0,648.0,1060.0,805.0,664.0,820.0,61.0,73.0,61.0,6.0,0
6964.0,31.0,0.0,846.0,611.0,478.0,665.0,1045.0,780.0,624.0,838.0,601.0,393.0,258.0,90.0,1
8770.0,31.0,1.0,530.0,440.0,404.0,459.0,692.0,579.0,517.0,597.0,147.0,63.0,54.0,8.0,1
9344.0,31.0,2.0,645.0,527.0,407.0,532.0,835.0,701.0,563.0,706.0,49.0,40.0,41.0,1.0,0
9345.0,31.0,2.0,656.0,496.0,393.0,492.0,790.0,607.0,490.0,603.0,47.0,58.0,65.0,8.0,0
2093.0,32.0,2.0,,,,442.0,,,,587.0,0.0,0.0,0.0,0.0,0
2651.0,32.0,1.0,497.0,377.0,321.0,360.0,605.0,466.0,399.0,446.0,21.0,42.0,63.0,11.0,0
2653.0,32.0,1.0,435.0,362.0,305.0,349.0,541.0,454.0,386.0,439.0,26.0,32.0,59.0,0.0,0
2654.0,32.0,0.0,538.0,421.0,405.0,448.0,648.0,512.0,494.0,544.0,39.0,32.0,29.0,5.0,0
2657.0,32.0,0.0,524.0,433.0,360.0,434.0,641.0,531.0,444.0,533.0,202.0,167.0,196.0,17.0,1
10313.0,32.0,0.0,579.0,431.0,379.0,466.0,693.0,521.0,459.0,561.0,314.0,268.0,195.0,0.0,1
2568.0,33.0,0.0,647.0,480.0,390.0,508.0,741.0,558.0,458.0,589.0,145.0,133.0,95.0,5.0,1
2569.0,33.0,1.0,596.0,476.0,392.0,452.0,699.0,564.0,468.0,537.0,152.0,192.0,214.0,0.0,1
2667.0,34.0,2.0,661.0,596.0,484.0,563.0,891.0,822.0,679.0,776.0,25.0,29.0,36.0,3.0,0
2668.0,34.0,1.0,520.0,427.0,367.0,439.0,641.0,538.0,467.0,548.0,46.0,25.0,36.0,6.0,0
2671.0,34.0,2.0,657.0,460.0,365.0,521.0,860.0,605.0,481.0,683.0,40.0,15.0,29.0,0.0,0
2681.0,34.0,1.0,542.0,480.0,370.0,468.0,679.0,599.0,450.0,582.0,57.0,73.0,51.0,0.0,0
2685.0,34.0,2.0,443.0,354.0,295.0,337.0,549.0,445.0,374.0,423.0,8.0,13.0,21.0,3.0,0
2699.0,34.0,0.0,703.0,515.0,475.0,563.0,875.0,658.0,593.0,707.0,55.0,58.0,43.0,5.0,0
2701.0,34.0,2.0,669.0,505.0,406.0,539.0,848.0,637.0,497.0,677.0,78.0,61.0,56.0,3.0,0
2703.0,34.0,2.0,,388.0,336.0,366.0,,476.0,410.0,450.0,5.0,24.0,20.0,7.0,0
2704.0,34.0,1.0,539.0,449.0,391.0,447.0,693.0,579.0,499.0,574.0,11.0,38.0,17.0,1.0,0
2705.0,34.0,1.0,456.0,408.0,329.0,374.0,534.0,503.0,403.0,455.0,19.0,50.0,46.0,14.0,0
2707.0,34.0,0.0,882.0,554.0,452.0,687.0,1136.0,767.0,646.0,915.0,477.0,185.0,199.0,11.0,1
2708.0,34.0,2.0,733.0,516.0,395.0,508.0,943.0,652.0,509.0,654.0,49.0,19.0,56.0,6.0,0
2709.0,34.0,2.0,352.0,289.0,275.0,303.0,436.0,366.0,363.0,387.0,11.0,6.0,14.0,1.0,0
2710.0,34.0,2.0,684.0,514.0,433.0,607.0,872.0,673.0,600.0,784.0,35.0,18.0,6.0,0.0,0
2711.0,34.0,0.0,787.0,562.0,482.0,627.0,1047.0,748.0,640.0,834.0,447.0,189.0,148.0,3.0,1
2711.0,34.0,0.0,651.0,511.0,431.0,549.0,847.0,691.0,598.0,732.0,318.0,231.0,105.0,41.0,1
2712.0,34.0,2.0,404.0,385.0,327.0,359.0,485.0,456.0,390.0,427.0,15.0,22.0,32.0,7.0,0
2713.0,34.0,2.0,,400.0,354.0,365.0,,508.0,438.0,454.0,4.0,10.0,19.0,9.0,0
2718.0,34.0,2.0,497.0,342.0,306.0,359.0,666.0,449.0,395.0,472.0,13.0,24.0,26.0,0.0,0
2722.0,34.0,0.0,744.0,573.0,444.0,590.0,945.0,729.0,557.0,748.0,166.0,183.0,140.0,9.0,1
2728.0,34.0,2.0,631.0,478.0,377.0,478.0,801.0,608.0,475.0,604.0,46.0,37.0,54.0,12.0,0
2729.0,34.0,2.0,505.0,423.0,340.0,419.0,628.0,517.0,409.0,513.0,50.0,23.0,36.0,0.0,0
2731.0,34.0,2.0,605.0,462.0,352.0,495.0,749.0,579.0,431.0,614.0,61.0,39.0,34.0,3.0,0
2732.0,34.0,0.0,757.0,550.0,470.0,584.0,956.0,692.0,579.0,731.0,127.0,131.0,141.0,7.0,1
2734.0,34.0,2.0,370.0,323.0,265.0,327.0,487.0,424.0,343.0,428.0,30.0,29.0,17.0,1.0,0
2735.0,34.0,2.0,318.0,,261.0,278.0,376.0,,315.0,336.0,6.0,3.0,12.0,7.0,0
2737.0,34.0,1.0,594.0,462.0,393.0,461.0,756.0,594.0,496.0,587.0,42.0,81.0,59.0,10.0,0
2739.0,34.0,2.0,606.0,484.0,366.0,443.0,761.0,605.0,461.0,557.0,70.0,153.0,184.0,21.0,1
2744.0,34.0,2.0,403.0,346.0,283.0,338.0,473.0,412.0,335.0,399.0,15.0,8.0,19.0,0.0,0
2748.0,34.0,2.0,542.0,455.0,365.0,445.0,684.0,576.0,465.0,564.0,30.0,50.0,36.0,3.0,0
2758.0,34.0,1.0,595.0,500.0,388.0,488.0,767.0,627.0,495.0,621.0,45.0,74.0,50.0,3.0,0
2765.0,34.0,2.0,580.0,485.0,373.0,417.0,741.0,643.0,481.0,542.0,16.0,34.0,91.0,0.0,0
2768.0,34.0,2.0,426.0,349.0,297.0,357.0,546.0,442.0,383.0,455.0,17.0,24.0,13.0,2.0,0
2769.0,34.0,2.0,,407.0,332.0,382.0,,495.0,407.0,464.0,4.0,26.0,19.0,0.0,0
2772.0,34.0,2.0,524.0,399.0,341.0,416.0,640.0,493.0,423.0,511.0,53.0,38.0,48.0,6.0,0
2775.0,34.0,2.0,541.0,435.0,353.0,381.0,697.0,551.0,463.0,494.0,16.0,20.0,58.0,22.0,0
2777.0,34.0,2.0,435.0,371.0,276.0,349.0,525.0,446.0,322.0,418.0,11.0,16.0,13.0,2.0,0
2778.0,34.0,2.0,514.0,407.0,349.0,395.0,633.0,505.0,424.0,482.0,14.0,8.0,23.0,6.0,0
2779.0,34.0,2.0,513.0,428.0,343.0,430.0,634.0,533.0,425.0,532.0,37.0,33.0,35.0,0.0,0
2785.0,34.0,0.0,887.0,591.0,507.0,683.0,1172.0,785.0,674.0,905.0,532.0,337.0,252.0,42.0,1
2788.0,34.0,1.0,503.0,430.0,376.0,443.0,612.0,524.0,448.0,537.0,39.0,43.0,24.0,2.0,0
2791.0,34.0,1.0,685.0,513.0,436.0,576.0,851.0,643.0,556.0,720.0,187.0,124.0,77.0,3.0,1
2803.0,34.0,0.0,750.0,548.0,475.0,640.0,922.0,703.0,601.0,799.0,190.0,118.0,61.0,0.0,1
2806.0,34.0,1.0,568.0,476.0,417.0,466.0,710.0,603.0,527.0,587.0,182.0,215.0,179.0,13.0,1
2810.0,34.0,1.0,487.0,409.0,351.0,397.0,609.0,506.0,435.0,493.0,19.0,56.0,37.0,6.0,0
2813.0,34.0,2.0,623.0,478.0,398.0,541.0,779.0,610.0,495.0,677.0,39.0,14.0,13.0,0.0,0
2814.0,34.0,2.0,642.0,492.0,397.0,498.0,831.0,639.0,516.0,646.0,42.0,69.0,48.0,5.0,0
2816.0,34.0,2.0,515.0,429.0,357.0,434.0,667.0,567.0,474.0,570.0,52.0,53.0,49.0,1.0,0
2817.0,34.0,1.0,492.0,398.0,377.0,425.0,642.0,535.0,495.0,562.0,56.0,51.0,43.0,4.0,0
2820.0,34.0,2.0,543.0,466.0,350.0,446.0,689.0,607.0,457.0,573.0,22.0,14.0,14.0,7.0,0
2821.0,34.0,2.0,513.0,427.0,376.0,432.0,635.0,512.0,451.0,524.0,29.0,40.0,36.0,1.0,0
2825.0,34.0,2.0,495.0,398.0,349.0,372.0,584.0,478.0,419.0,446.0,12.0,15.0,46.0,8.0,0
2829.0,34.0,2.0,627.0,473.0,366.0,488.0,799.0,613.0,472.0,627.0,50.0,56.0,40.0,7.0,0
2832.0,34.0,2.0,510.0,408.0,374.0,419.0,617.0,526.0,454.0,515.0,18.0,16.0,26.0,3.0,0
2835.0,34.0,0.0,732.0,526.0,407.0,576.0,934.0,679.0,524.0,739.0,260.0,217.0,125.0,0.0,1
2836.0,34.0,0.0,705.0,511.0,407.0,555.0,902.0,665.0,528.0,716.0,172.0,175.0,82.0,0.0,1
2838.0,34.0,0.0,755.0,534.0,414.0,589.0,961.0,688.0,526.0,751.0,346.0,216.0,183.0,24.0,1
2841.0,34.0,1.0,603.0,501.0,397.0,492.0,778.0,651.0,509.0,636.0,87.0,107.0,88.0,0.0,1
2842.0,34.0,1.0,536.0,433.0,359.0,444.0,693.0,560.0,464.0,573.0,144.0,157.0,88.0,3.0,1
2843.0,34.0,1.0,530.0,411.0,341.0,432.0,691.0,537.0,439.0,563.0,85.0,76.0,66.0,0.0,0
2844.0,34.0,1.0,562.0,438.0,350.0,450.0,731.0,569.0,451.0,585.0,93.0,65.0,54.0,15.0,0
2845.0,34.0,1.0,541.0,411.0,348.0,405.0,704.0,536.0,448.0,525.0,48.0,78.0,79.0,23.0,0
2846.0,34.0,1.0,584.0,458.0,373.0,462.0,758.0,594.0,480.0,598.0,90.0,96.0,73.0,0.0,1
2847.0,34.0,1.0,539.0,428.0,362.0,440.0,705.0,557.0,467.0,571.0,93.0,78.0,81.0,1.0,1
2848.0,34.0,1.0,537.0,427.0,339.0,441.0,702.0,556.0,435.0,574.0,111.0,105.0,78.0,4.0,1
2849.0,34.0,1.0,538.0,435.0,343.0,445.0,701.0,566.0,441.0,578.0,107.0,76.0,71.0,1.0,1
2850.0,34.0,1.0,531.0,413.0,337.0,424.0,691.0,539.0,436.0,552.0,78.0,63.0,52.0,9.0,0
2882.0,34.0,0.0,648.0,475.0,394.0,526.0,851.0,645.0,528.0,701.0,371.0,301.0,205.0,10.0,1
2883.0,34.0,2.0,487.0,394.0,339.0,401.0,642.0,520.0,439.0,527.0,27.0,46.0,32.0,0.0,0
2889.0,34.0,1.0,638.0,508.0,399.0,512.0,841.0,677.0,501.0,667.0,60.0,50.0,54.0,9.0,0
2894.0,34.0,0.0,747.0,520.0,434.0,611.0,895.0,626.0,520.0,733.0,252.0,130.0,110.0,7.0,1
2895.0,34.0,2.0,674.0,517.0,408.0,523.0,879.0,669.0,512.0,674.0,70.0,60.0,66.0,9.0,0
2899.0,34.0,2.0,457.0,366.0,326.0,368.0,587.0,477.0,438.0,483.0,20.0,17.0,31.0,4.0,0
2901.0,34.0,2.0,464.0,373.0,318.0,396.0,568.0,454.0,389.0,484.0,21.0,10.0,14.0,0.0,0
4779.0,34.0,1.0,631.0,513.0,408.0,531.0,825.0,672.0,520.0,690.0,233.0,175.0,124.0,22.0,1
4804.0,34.0,1.0,569.0,492.0,410.0,491.0,726.0,642.0,546.0,639.0,68.0,106.0,43.0,11.0,0
6791.0,34.0,2.0,534.0,432.0,362.0,437.0,696.0,565.0,468.0,570.0,29.0,52.0,28.0,0.0,0
6792.0,34.0,1.0,536.0,457.0,414.0,444.0,701.0,591.0,529.0,573.0,8.0,48.0,19.0,8.0,0
7109.0,34.0,2.0,592.0,480.0,374.0,466.0,758.0,616.0,485.0,599.0,36.0,42.0,40.0,8.0,0
9554.0,34.0,0.0,762.0,548.0,423.0,601.0,970.0,704.0,534.0,767.0,400.0,338.0,218.0,9.0,1
10286.0,34.0,2.0,543.0,437.0,361.0,430.0,706.0,562.0,468.0,554.0,33.0,47.0,35.0,3.0,0
3011.0,35.0,2.0,,286.0,,304.0,,354.0,,371.0,5.0,6.0,5.0,1.0,0
3012.0,35.0,2.0,484.0,418.0,329.0,398.0,624.0,530.0,437.0,515.0,52.0,58.0,58.0,4.0,0
3014.0,35.0,2.0,530.0,431.0,360.0,464.0,662.0,552.0,464.0,587.0,74.0,39.0,35.0,0.0,0
3016.0,35.0,2.0,368.0,309.0,272.0,312.0,466.0,389.0,347.0,399.0,16.0,13.0,19.0,1.0,0
3018.0,35.0,0.0,620.0,481.0,394.0,483.0,817.0,644.0,530.0,643.0,226.0,212.0,180.0,65.0,1
3023.0,35.0,1.0,563.0,405.0,334.0,424.0,704.0,540.0,429.0,543.0,54.0,36.0,57.0,11.0,0
3024.0,35.0,0.0,754.0,518.0,470.0,585.0,948.0,663.0,600.0,744.0,213.0,133.0,126.0,58.0,1
3025.0,35.0,2.0,419.0,364.0,300.0,346.0,527.0,459.0,379.0,436.0,32.0,37.0,60.0,3.0,0
3032.0,35.0,1.0,611.0,459.0,390.0,486.0,750.0,575.0,495.0,606.0,166.0,223.0,128.0,14.0,1
3033.0,35.0,2.0,477.0,412.0,339.0,360.0,575.0,482.0,401.0,423.0,10.0,21.0,52.0,17.0,0
3036.0,35.0,2.0,445.0,362.0,300.0,349.0,580.0,440.0,405.0,449.0,15.0,32.0,34.0,2.0,0
3037.0,35.0,2.0,561.0,411.0,346.0,449.0,735.0,518.0,429.0,575.0,52.0,24.0,44.0,2.0,0
3038.0,35.0,2.0,476.0,394.0,325.0,399.0,609.0,508.0,412.0,509.0,25.0,21.0,17.0,7.0,0
3041.0,35.0,2.0,373.0,333.0,277.0,326.0,438.0,388.0,330.0,382.0,14.0,18.0,11.0,0.0,0
3042.0,35.0,2.0,558.0,414.0,346.0,445.0,757.0,528.0,439.0,584.0,58.0,32.0,55.0,0.0,0
3045.0,35.0,2.0,417.0,370.0,301.0,330.0,526.0,470.0,369.0,413.0,18.0,29.0,51.0,7.0,0
3046.0,35.0,2.0,,,,345.0,,,,438.0,0.0,0.0,0.0,0.0,0
3048.0,35.0,2.0,399.0,334.0,298.0,331.0,491.0,407.0,349.0,397.0,17.0,18.0,24.0,8.0,0
3049.0,35.0,2.0,468.0,367.0,302.0,373.0,602.0,469.0,379.0,474.0,28.0,22.0,20.0,11.0,0
3050.0,35.0,1.0,587.0,473.0,389.0,465.0,717.0,586.0,490.0,576.0,59.0,56.0,74.0,14.0,0
3051.0,35.0,0.0,654.0,473.0,389.0,502.0,810.0,602.0,505.0,636.0,221.0,244.0,203.0,14.0,1
3065.0,35.0,2.0,608.0,439.0,381.0,480.0,777.0,552.0,475.0,608.0,49.0,36.0,38.0,8.0,0
3069.0,35.0,2.0,,330.0,283.0,280.0,,413.0,371.0,361.0,2.0,8.0,15.0,22.0,0
3072.0,35.0,2.0,410.0,352.0,306.0,343.0,515.0,441.0,383.0,432.0,20.0,18.0,26.0,4.0,0
3073.0,35.0,2.0,445.0,366.0,298.0,370.0,569.0,464.0,367.0,470.0,27.0,18.0,19.0,5.0,0
3084.0,35.0,2.0,446.0,365.0,290.0,353.0,574.0,461.0,378.0,453.0,19.0,19.0,28.0,3.0,0
3085.0,35.0,2.0,,294.0,269.0,290.0,,346.0,318.0,340.0,5.0,9.0,15.0,0.0,0
3086.0,35.0,2.0,588.0,454.0,385.0,507.0,789.0,605.0,491.0,673.0,121.0,69.0,43.0,6.0,0
3089.0,35.0,2.0,511.0,431.0,371.0,437.0,639.0,546.0,465.0,550.0,55.0,53.0,39.0,8.0,0
3092.0,35.0,2.0,,460.0,335.0,384.0,,567.0,424.0,480.0,3.0,14.0,19.0,3.0,0
3093.0,35.0,2.0,,396.0,350.0,375.0,,494.0,441.0,470.0,2.0,19.0,18.0,2.0,0
3094.0,35.0,2.0,508.0,424.0,337.0,410.0,622.0,526.0,426.0,510.0,6.0,10.0,9.0,1.0,0
3095.0,35.0,2.0,,417.0,353.0,392.0,,518.0,445.0,489.0,4.0,13.0,17.0,2.0,0
3100.0,35.0,0.0,632.0,486.0,393.0,512.0,786.0,618.0,512.0,648.0,248.0,241.0,192.0,4.0,1
3109.0,35.0,2.0,541.0,395.0,354.0,453.0,726.0,584.0,500.0,626.0,67.0,25.0,42.0,2.0,0
3110.0,35.0,2.0,459.0,372.0,329.0,363.0,600.0,467.0,399.0,457.0,22.0,42.0,56.0,10.0,0
3121.0,35.0,2.0,485.0,379.0,334.0,379.0,593.0,470.0,410.0,466.0,6.0,7.0,14.0,0.0,0
3123.0,35.0,0.0,577.0,448.0,387.0,479.0,718.0,567.0,497.0,603.0,278.0,253.0,147.0,39.0,1
3125.0,35.0,0.0,666.0,483.0,393.0,535.0,856.0,622.0,506.0,688.0,447.0,410.0,244.0,12.0,1
3127.0,35.0,1.0,590.0,479.0,392.0,482.0,765.0,616.0,495.0,618.0,123.0,159.0,130.0,7.0,1
3131.0,35.0,0.0,608.0,457.0,379.0,486.0,750.0,572.0,481.0,607.0,217.0,152.0,167.0,20.0,1
3133.0,35.0,2.0,335.0,266.0,241.0,272.0,425.0,314.0,297.0,333.0,9.0,12.0,14.0,1.0,0
3134.0,35.0,2.0,413.0,350.0,297.0,306.0,476.0,410.0,361.0,363.0,8.0,10.0,20.0,24.0,0
3135.0,35.0,2.0,407.0,344.0,278.0,346.0,504.0,427.0,352.0,432.0,17.0,19.0,10.0,0.0,0
3142.0,35.0,2.0,407.0,357.0,303.0,335.0,481.0,430.0,364.0,401.0,10.0,18.0,32.0,1.0,0
3143.0,35.0,2.0,546.0,413.0,341.0,438.0,704.0,543.0,436.0,567.0,49.0,55.0,32.0,6.0,0
3144.0,35.0,1.0,571.0,473.0,378.0,449.0,712.0,586.0,467.0,557.0,58.0,75.0,78.0,19.0,0
3145.0,35.0,1.0,591.0,450.0,362.0,481.0,723.0,562.0,461.0,597.0,204.0,116.0,106.0,33.0,1
6883.0,35.0,0.0,703.0,491.0,415.0,555.0,846.0,603.0,516.0,676.0,758.0,679.0,443.0,30.0,1
7104.0,35.0,0.0,616.0,474.0,376.0,478.0,797.0,614.0,487.0,619.0,258.0,225.0,219.0,60.0,1
8795.0,35.0,1.0,441.0,348.0,300.0,316.0,571.0,457.0,398.0,418.0,30.0,15.0,17.0,3.0,0
9168.0,35.0,1.0,642.0,468.0,385.0,465.0,781.0,580.0,485.0,576.0,126.0,176.0,132.0,45.0,1
12748.0,35.0,2.0,510.0,439.0,368.0,411.0,658.0,563.0,502.0,537.0,15.0,54.0,35.0,15.0,0
3150.0,36.0,2.0,426.0,360.0,329.0,345.0,531.0,452.0,415.0,434.0,44.0,35.0,63.0,34.0,0
3151.0,36.0,2.0,,,,264.0,,,,358.0,0.0,0.0,0.0,0.0,0
3152.0,36.0,1.0,503.0,442.0,384.0,416.0,606.0,536.0,469.0,505.0,108.0,57.0,166.0,58.0,1
3154.0,36.0,2.0,453.0,407.0,352.0,378.0,538.0,488.0,429.0,456.0,39.0,31.0,64.0,23.0,0
3157.0,36.0,2.0,459.0,375.0,313.0,342.0,545.0,454.0,383.0,415.0,12.0,31.0,34.0,29.0,0
3161.0,36.0,2.0,455.0,374.0,348.0,377.0,554.0,462.0,431.0,464.0,80.0,49.0,71.0,52.0,0
3163.0,36.0,2.0,435.0,397.0,321.0,336.0,522.0,479.0,390.0,407.0,12.0,11.0,30.0,24.0,0
3164.0,36.0,2.0,379.0,335.0,282.0,317.0,467.0,420.0,359.0,399.0,22.0,33.0,42.0,5.0,0
3165.0,36.0,2.0,432.0,372.0,317.0,385.0,527.0,454.0,371.0,466.0,39.0,18.0,15.0,5.0,0
3167.0,36.0,2.0,427.0,369.0,336.0,362.0,528.0,459.0,434.0,454.0,13.0,18.0,11.0,10.0,0
3170.0,36.0,0.0,532.0,409.0,373.0,449.0,655.0,509.0,460.0,555.0,342.0,247.0,181.0,11.0,1
3174.0,36.0,2.0,427.0,360.0,311.0,346.0,515.0,444.0,386.0,425.0,15.0,14.0,14.0,11.0,0
3175.0,36.0,2.0,365.0,315.0,273.0,317.0,438.0,381.0,327.0,381.0,16.0,10.0,15.0,1.0,0
3179.0,36.0,1.0,464.0,407.0,348.0,363.0,558.0,493.0,425.0,440.0,33.0,17.0,61.0,37.0,0
3181.0,36.0,1.0,464.0,429.0,382.0,393.0,567.0,528.0,474.0,485.0,56.0,33.0,65.0,44.0,0
3184.0,36.0,0.0,600.0,445.0,368.0,470.0,752.0,563.0,468.0,593.0,286.0,225.0,236.0,24.0,1
3185.0,36.0,1.0,686.0,500.0,404.0,513.0,835.0,608.0,493.0,625.0,84.0,108.0,73.0,20.0,1
1339.0,37.0,2.0,,308.0,252.0,285.0,,451.0,340.0,388.0,3.0,7.0,7.0,5.0,0
3191.0,37.0,2.0,401.0,329.0,307.0,349.0,496.0,414.0,389.0,436.0,13.0,15.0,7.0,1.0,0
3193.0,37.0,2.0,470.0,363.0,309.0,373.0,612.0,482.0,412.0,492.0,20.0,23.0,17.0,5.0,0
3194.0,37.0,2.0,418.0,373.0,302.0,355.0,531.0,468.0,371.0,444.0,20.0,27.0,27.0,3.0,0
3197.0,37.0,1.0,601.0,442.0,362.0,477.0,749.0,570.0,440.0,598.0,74.0,36.0,47.0,6.0,0
3198.0,37.0,2.0,481.0,377.0,319.0,397.0,650.0,522.0,448.0,546.0,47.0,47.0,31.0,4.0,0
3208.0,37.0,2.0,,,,292.0,,,,409.0,4.0,5.0,2.0,0.0,0
3209.0,37.0,1.0,439.0,354.0,315.0,361.0,575.0,470.0,417.0,472.0,60.0,40.0,33.0,2.0,0
3210.0,37.0,0.0,597.0,473.0,400.0,475.0,762.0,615.0,522.0,615.0,206.0,209.0,133.0,46.0,1
3211.0,37.0,2.0,500.0,441.0,391.0,438.0,648.0,574.0,512.0,572.0,38.0,32.0,32.0,7.0,0
3212.0,37.0,1.0,441.0,381.0,341.0,370.0,561.0,469.0,421.0,461.0,28.0,32.0,41.0,7.0,0
3216.0,37.0,0.0,544.0,437.0,382.0,474.0,693.0,564.0,498.0,609.0,205.0,113.0,77.0,16.0,1
3217.0,37.0,2.0,596.0,442.0,378.0,495.0,729.0,545.0,463.0,607.0,47.0,20.0,31.0,0.0,0
3219.0,37.0,1.0,460.0,371.0,315.0,393.0,598.0,491.0,417.0,517.0,72.0,49.0,25.0,12.0,0
3223.0,37.0,0.0,597.0,446.0,375.0,459.0,762.0,579.0,488.0,594.0,240.0,182.0,152.0,89.0,1
3224.0,37.0,1.0,587.0,437.0,387.0,436.0,716.0,542.0,470.0,536.0,26.0,57.0,42.0,2.0,0
3225.0,37.0,2.0,,279.0,216.0,269.0,,340.0,262.0,328.0,4.0,14.0,8.0,0.0,0
3227.0,37.0,2.0,596.0,390.0,345.0,478.0,758.0,524.0,466.0,621.0,69.0,43.0,28.0,4.0,0
3229.0,38.0,2.0,488.0,396.0,359.0,430.0,648.0,514.0,451.0,562.0,39.0,21.0,15.0,3.0,0
3230.0,38.0,2.0,576.0,414.0,332.0,415.0,744.0,537.0,418.0,532.0,36.0,46.0,54.0,8.0,0
3233.0,38.0,2.0,402.0,315.0,295.0,303.0,506.0,370.0,347.0,361.0,7.0,12.0,30.0,11.0,0
3235.0,38.0,1.0,496.0,405.0,353.0,381.0,652.0,532.0,462.0,500.0,12.0,20.0,32.0,2.0,0
3237.0,38.0,1.0,620.0,466.0,379.0,511.0,767.0,605.0,478.0,639.0,65.0,23.0,20.0,3.0,0
3238.0,38.0,1.0,658.0,497.0,415.0,528.0,840.0,637.0,542.0,678.0,84.0,85.0,73.0,1.0,0
3241.0,38.0,2.0,471.0,,354.0,398.0,597.0,,448.0,503.0,15.0,5.0,18.0,3.0,0
3242.0,38.0,0.0,829.0,566.0,499.0,678.0,994.0,691.0,617.0,820.0,256.0,138.0,125.0,4.0,1
3243.0,38.0,2.0,475.0,392.0,318.0,375.0,591.0,495.0,392.0,468.0,14.0,17.0,29.0,0.0,0
3244.0,38.0,2.0,492.0,397.0,323.0,394.0,628.0,503.0,407.0,500.0,13.0,12.0,16.0,2.0,0
3245.0,38.0,2.0,,322.0,277.0,311.0,,400.0,348.0,391.0,5.0,10.0,18.0,4.0,0
3247.0,38.0,2.0,493.0,425.0,346.0,377.0,578.0,508.0,420.0,455.0,9.0,22.0,48.0,5.0,0
3252.0,38.0,2.0,504.0,411.0,347.0,379.0,649.0,511.0,426.0,473.0,10.0,27.0,21.0,15.0,0
3253.0,38.0,2.0,622.0,468.0,380.0,466.0,797.0,601.0,478.0,593.0,35.0,47.0,51.0,7.0,0
3256.0,38.0,0.0,674.0,496.0,459.0,568.0,843.0,619.0,570.0,709.0,153.0,114.0,73.0,0.0,1
3258.0,38.0,1.0,602.0,469.0,393.0,475.0,753.0,597.0,497.0,601.0,98.0,97.0,113.0,28.0,1
3259.0,38.0,1.0,442.0,342.0,329.0,363.0,636.0,413.0,398.0,473.0,19.0,17.0,17.0,4.0,0
3262.0,38.0,2.0,552.0,456.0,371.0,448.0,718.0,581.0,465.0,571.0,30.0,39.0,26.0,6.0,0
3265.0,38.0,2.0,675.0,481.0,387.0,517.0,902.0,653.0,519.0,694.0,56.0,43.0,44.0,9.0,0
3266.0,38.0,1.0,453.0,377.0,341.0,365.0,586.0,489.0,434.0,469.0,35.0,54.0,76.0,17.0,0
3267.0,38.0,2.0,416.0,366.0,312.0,366.0,527.0,475.0,402.0,469.0,17.0,17.0,16.0,0.0,0
3268.0,38.0,2.0,627.0,475.0,400.0,485.0,820.0,630.0,516.0,637.0,38.0,65.0,28.0,20.0,0
3270.0,38.0,2.0,356.0,316.0,269.0,280.0,428.0,383.0,330.0,341.0,13.0,18.0,51.0,16.0,0
3274.0,38.0,2.0,653.0,498.0,392.0,521.0,876.0,702.0,551.0,716.0,40.0,19.0,33.0,3.0,0
3275.0,38.0,2.0,480.0,395.0,335.0,364.0,599.0,504.0,432.0,465.0,12.0,14.0,33.0,16.0,0
3276.0,38.0,2.0,451.0,406.0,310.0,385.0,572.0,521.0,399.0,492.0,10.0,8.0,8.0,2.0,0
3277.0,38.0,1.0,675.0,541.0,425.0,546.0,859.0,708.0,571.0,711.0,243.0,201.0,173.0,41.0,1
3278.0,38.0,1.0,,505.0,428.0,441.0,,678.0,558.0,578.0,5.0,9.0,24.0,18.0,0
3279.0,38.0,2.0,488.0,391.0,316.0,419.0,634.0,497.0,427.0,545.0,36.0,20.0,16.0,2.0,0
3282.0,38.0,2.0,498.0,427.0,354.0,409.0,641.0,548.0,444.0,520.0,22.0,28.0,45.0,0.0,0
3284.0,38.0,2.0,686.0,517.0,419.0,506.0,873.0,668.0,536.0,647.0,37.0,62.0,71.0,8.0,0
3287.0,38.0,1.0,585.0,482.0,426.0,470.0,733.0,616.0,543.0,597.0,30.0,80.0,95.0,4.0,0
3288.0,38.0,2.0,472.0,401.0,362.0,419.0,593.0,512.0,466.0,531.0,28.0,21.0,17.0,1.0,0
3289.0,38.0,0.0,757.0,543.0,448.0,635.0,955.0,700.0,568.0,805.0,216.0,118.0,77.0,4.0,1
3290.0,38.0,2.0,516.0,400.0,348.0,393.0,628.0,492.0,433.0,486.0,22.0,26.0,18.0,12.0,0
3293.0,38.0,2.0,502.0,436.0,352.0,395.0,656.0,575.0,442.0,507.0,16.0,26.0,33.0,11.0,0
3296.0,38.0,1.0,514.0,429.0,356.0,412.0,635.0,524.0,443.0,508.0,25.0,41.0,52.0,3.0,0
3297.0,38.0,2.0,444.0,390.0,312.0,339.0,592.0,497.0,390.0,429.0,15.0,25.0,46.0,15.0,0
3298.0,38.0,2.0,481.0,400.0,351.0,393.0,621.0,514.0,446.0,505.0,34.0,37.0,45.0,15.0,0
3301.0,38.0,2.0,490.0,406.0,343.0,423.0,624.0,516.0,430.0,537.0,35.0,29.0,19.0,3.0,0
3303.0,38.0,2.0,497.0,383.0,314.0,359.0,623.0,490.0,397.0,454.0,8.0,18.0,20.0,7.0,0
3304.0,38.0,2.0,589.0,432.0,359.0,449.0,809.0,568.0,463.0,600.0,36.0,31.0,37.0,2.0,0
3313.0,38.0,1.0,670.0,556.0,439.0,529.0,870.0,714.0,567.0,683.0,60.0,136.0,88.0,18.0,1
3315.0,38.0,1.0,669.0,538.0,428.0,528.0,856.0,710.0,580.0,696.0,98.0,109.0,131.0,10.0,1
3316.0,38.0,1.0,674.0,541.0,436.0,549.0,850.0,700.0,578.0,708.0,112.0,108.0,64.0,25.0,1
3317.0,38.0,1.0,692.0,554.0,379.0,550.0,884.0,732.0,530.0,725.0,35.0,35.0,21.0,7.0,0
3320.0,38.0,1.0,676.0,531.0,415.0,526.0,858.0,696.0,556.0,686.0,95.0,72.0,85.0,20.0,1
3321.0,38.0,1.0,676.0,545.0,424.0,516.0,870.0,714.0,570.0,679.0,111.0,86.0,169.0,26.0,1
3322.0,38.0,1.0,669.0,544.0,418.0,528.0,847.0,707.0,558.0,685.0,119.0,117.0,122.0,25.0,1
3323.0,38.0,2.0,676.0,544.0,417.0,508.0,820.0,675.0,527.0,631.0,46.0,64.0,61.0,26.0,0
3324.0,38.0,2.0,665.0,532.0,428.0,516.0,839.0,690.0,568.0,670.0,47.0,60.0,58.0,14.0,0
3325.0,38.0,1.0,660.0,552.0,429.0,549.0,842.0,723.0,576.0,716.0,117.0,97.0,100.0,6.0,1
3326.0,38.0,1.0,673.0,545.0,425.0,573.0,848.0,706.0,567.0,735.0,148.0,67.0,83.0,3.0,1
3327.0,38.0,1.0,675.0,532.0,431.0,537.0,836.0,670.0,552.0,676.0,127.0,104.0,138.0,11.0,1
3328.0,38.0,1.0,667.0,540.0,431.0,533.0,821.0,680.0,554.0,671.0,136.0,163.0,176.0,8.0,1
3354.0,38.0,2.0,538.0,425.0,362.0,417.0,693.0,571.0,452.0,538.0,17.0,28.0,39.0,1.0,0
3357.0,38.0,2.0,411.0,331.0,290.0,357.0,519.0,430.0,363.0,452.0,33.0,19.0,17.0,1.0,0
3359.0,38.0,2.0,575.0,454.0,406.0,438.0,724.0,576.0,513.0,554.0,11.0,43.0,42.0,7.0,0
3362.0,38.0,2.0,489.0,380.0,329.0,368.0,575.0,479.0,403.0,453.0,7.0,23.0,24.0,1.0,0
3366.0,38.0,2.0,472.0,392.0,323.0,375.0,573.0,481.0,403.0,463.0,20.0,14.0,24.0,8.0,0
3367.0,38.0,1.0,594.0,484.0,427.0,487.0,764.0,628.0,539.0,623.0,39.0,50.0,63.0,2.0,0
3368.0,38.0,2.0,436.0,399.0,317.0,363.0,603.0,540.0,406.0,481.0,14.0,20.0,20.0,10.0,0
3369.0,38.0,2.0,534.0,420.0,359.0,422.0,661.0,519.0,443.0,521.0,25.0,26.0,33.0,5.0,0
3370.0,38.0,2.0,704.0,519.0,417.0,562.0,868.0,651.0,526.0,699.0,68.0,44.0,47.0,2.0,0
3371.0,38.0,0.0,736.0,579.0,454.0,606.0,913.0,724.0,568.0,755.0,490.0,332.0,291.0,37.0,1
3376.0,38.0,2.0,408.0,342.0,287.0,369.0,534.0,443.0,376.0,481.0,33.0,14.0,10.0,1.0,0
3378.0,38.0,0.0,881.0,622.0,532.0,744.0,1086.0,831.0,712.0,945.0,541.0,240.0,212.0,0.0,1
3379.0,38.0,0.0,736.0,516.0,421.0,547.0,910.0,653.0,537.0,688.0,427.0,402.0,373.0,63.0,1
3380.0,38.0,2.0,489.0,418.0,340.0,373.0,619.0,517.0,419.0,464.0,8.0,14.0,25.0,8.0,0
3381.0,38.0,2.0,478.0,401.0,314.0,369.0,602.0,507.0,401.0,467.0,9.0,23.0,14.0,10.0,0
3382.0,38.0,2.0,554.0,430.0,322.0,404.0,704.0,538.0,401.0,507.0,16.0,63.0,32.0,17.0,0
3384.0,38.0,1.0,565.0,479.0,437.0,475.0,736.0,632.0,571.0,621.0,51.0,86.0,95.0,5.0,0
3385.0,38.0,2.0,528.0,419.0,354.0,434.0,686.0,547.0,458.0,563.0,32.0,28.0,29.0,2.0,0
3388.0,38.0,1.0,726.0,535.0,438.0,536.0,912.0,698.0,586.0,698.0,133.0,143.0,206.0,21.0,1
3389.0,38.0,2.0,549.0,480.0,373.0,473.0,689.0,608.0,494.0,602.0,33.0,29.0,18.0,7.0,0
3391.0,38.0,2.0,407.0,332.0,297.0,333.0,541.0,453.0,399.0,451.0,20.0,11.0,22.0,11.0,0
3392.0,38.0,2.0,497.0,410.0,337.0,423.0,603.0,498.0,394.0,508.0,47.0,12.0,24.0,10.0,0
3394.0,38.0,1.0,499.0,430.0,338.0,409.0,612.0,534.0,408.0,502.0,31.0,53.0,53.0,0.0,0
3396.0,38.0,2.0,322.0,314.0,269.0,294.0,402.0,366.0,315.0,350.0,8.0,9.0,12.0,3.0,0
3399.0,38.0,2.0,615.0,512.0,414.0,464.0,809.0,664.0,537.0,603.0,13.0,32.0,67.0,1.0,0
3986.0,38.0,2.0,486.0,415.0,342.0,365.0,594.0,532.0,429.0,458.0,6.0,19.0,33.0,10.0,0
3987.0,38.0,2.0,433.0,364.0,302.0,351.0,518.0,438.0,355.0,419.0,11.0,12.0,21.0,0.0,0
3988.0,38.0,2.0,,328.0,296.0,307.0,,457.0,399.0,415.0,5.0,9.0,27.0,3.0,0
6965.0,38.0,0.0,721.0,509.0,417.0,522.0,887.0,642.0,525.0,652.0,622.0,449.0,427.0,160.0,1
9235.0,38.0,1.0,649.0,539.0,419.0,517.0,824.0,694.0,549.0,665.0,100.0,92.0,110.0,22.0,1
3401.0,39.0,0.0,752.0,515.0,433.0,625.0,956.0,659.0,554.0,797.0,286.0,100.0,111.0,0.0,1
3402.0,39.0,2.0,632.0,582.0,502.0,556.0,812.0,746.0,629.0,709.0,40.0,43.0,45.0,0.0,0
3406.0,39.0,1.0,633.0,526.0,418.0,489.0,827.0,712.0,544.0,646.0,43.0,68.0,93.0,15.0,0
3407.0,39.0,1.0,518.0,442.0,381.0,453.0,675.0,581.0,504.0,594.0,125.0,101.0,96.0,1.0,1
3409.0,39.0,2.0,558.0,427.0,351.0,444.0,739.0,576.0,484.0,598.0,35.0,49.0,34.0,0.0,0
3411.0,39.0,1.0,495.0,397.0,327.0,385.0,620.0,496.0,406.0,481.0,29.0,43.0,37.0,14.0,0
3414.0,39.0,0.0,630.0,473.0,416.0,541.0,813.0,622.0,548.0,703.0,334.0,187.0,135.0,3.0,1
4917.0,39.0,2.0,,,,464.0,,,,605.0,0.0,0.0,0.0,0.0,0
3419.0,40.0,2.0,429.0,356.0,299.0,327.0,518.0,430.0,359.0,395.0,12.0,20.0,29.0,6.0,0
3420.0,40.0,2.0,320.0,260.0,241.0,257.0,381.0,311.0,289.0,308.0,21.0,10.0,29.0,18.0,0
3422.0,40.0,2.0,293.0,247.0,214.0,264.0,366.0,311.0,261.0,329.0,20.0,7.0,9.0,0.0,0
3423.0,40.0,1.0,469.0,405.0,332.0,421.0,576.0,502.0,415.0,520.0,65.0,59.0,24.0,0.0,0
3425.0,40.0,0.0,602.0,441.0,375.0,466.0,728.0,544.0,465.0,571.0,296.0,224.0,191.0,42.0,1
3427.0,40.0,2.0,425.0,359.0,318.0,358.0,521.0,425.0,378.0,430.0,14.0,9.0,18.0,2.0,0
3428.0,40.0,1.0,475.0,410.0,320.0,374.0,581.0,505.0,399.0,462.0,68.0,102.0,118.0,32.0,1
3430.0,40.0,2.0,415.0,355.0,330.0,358.0,515.0,441.0,402.0,442.0,23.0,25.0,15.0,9.0,0
3431.0,40.0,2.0,467.0,384.0,317.0,372.0,582.0,495.0,402.0,473.0,12.0,31.0,23.0,3.0,0
3432.0,40.0,2.0,420.0,,297.0,355.0,527.0,,366.0,444.0,19.0,5.0,14.0,2.0,0
3434.0,40.0,2.0,551.0,414.0,343.0,453.0,719.0,530.0,430.0,583.0,86.0,39.0,54.0,6.0,0
3435.0,40.0,2.0,453.0,381.0,343.0,380.0,557.0,472.0,427.0,470.0,34.0,31.0,41.0,4.0,0
3436.0,40.0,2.0,277.0,282.0,250.0,264.0,319.0,328.0,287.0,303.0,7.0,8.0,11.0,2.0,0
3439.0,40.0,2.0,,278.0,252.0,269.0,,314.0,285.0,303.0,5.0,16.0,21.0,4.0,0
3440.0,40.0,2.0,351.0,290.0,243.0,287.0,411.0,344.0,290.0,339.0,11.0,19.0,11.0,5.0,0
3445.0,40.0,2.0,503.0,376.0,316.0,397.0,637.0,478.0,395.0,501.0,26.0,22.0,22.0,5.0,0
3446.0,40.0,2.0,458.0,379.0,307.0,350.0,561.0,467.0,382.0,432.0,59.0,58.0,77.0,36.0,0
3448.0,40.0,0.0,585.0,436.0,385.0,475.0,705.0,532.0,472.0,577.0,417.0,335.0,194.0,60.0,1
3449.0,40.0,2.0,461.0,392.0,317.0,374.0,563.0,481.0,392.0,457.0,30.0,39.0,36.0,12.0,0
3451.0,40.0,2.0,437.0,377.0,314.0,340.0,535.0,464.0,389.0,419.0,23.0,43.0,49.0,28.0,0
3455.0,40.0,2.0,,,254.0,233.0,,,287.0,265.0,1.0,3.0,12.0,14.0,0
3456.0,40.0,1.0,464.0,378.0,327.0,378.0,578.0,474.0,413.0,474.0,73.0,78.0,70.0,19.0,0
3457.0,40.0,2.0,537.0,413.0,367.0,448.0,662.0,519.0,469.0,560.0,24.0,27.0,11.0,2.0,0
6951.0,40.0,2.0,433.0,368.0,303.0,366.0,529.0,452.0,376.0,450.0,49.0,43.0,16.0,21.0,0
9226.0,40.0,2.0,476.0,394.0,328.0,387.0,585.0,488.0,410.0,480.0,64.0,37.0,40.0,25.0,0
3458.0,41.0,2.0,434.0,382.0,322.0,364.0,576.0,519.0,429.0,487.0,34.0,22.0,45.0,7.0,0
3459.0,41.0,2.0,410.0,341.0,303.0,329.0,487.0,409.0,366.0,396.0,24.0,13.0,50.0,11.0,0
3461.0,41.0,2.0,,290.0,246.0,257.0,,356.0,302.0,317.0,4.0,11.0,13.0,7.0,0
3463.0,41.0,2.0,469.0,357.0,349.0,351.0,554.0,427.0,419.0,420.0,9.0,11.0,24.0,12.0,0
3466.0,41.0,1.0,417.0,333.0,297.0,337.0,498.0,402.0,362.0,407.0,27.0,30.0,35.0,12.0,0
3469.0,41.0,2.0,376.0,308.0,289.0,311.0,463.0,388.0,364.0,391.0,7.0,12.0,15.0,2.0,0
3470.0,41.0,1.0,473.0,414.0,362.0,419.0,562.0,495.0,435.0,500.0,45.0,28.0,26.0,5.0,0
3471.0,41.0,1.0,440.0,368.0,326.0,368.0,521.0,440.0,392.0,440.0,132.0,67.0,122.0,44.0,1
10300.0,41.0,0.0,480.0,364.0,340.0,362.0,570.0,438.0,410.0,436.0,88.0,75.0,134.0,55.0,1
3478.0,42.0,1.0,482.0,362.0,314.0,374.0,581.0,445.0,390.0,458.0,86.0,47.0,102.0,17.0,0
3479.0,42.0,1.0,484.0,372.0,315.0,382.0,573.0,445.0,377.0,455.0,42.0,54.0,45.0,7.0,0
3480.0,42.0,2.0,287.0,,255.0,262.0,345.0,,307.0,323.0,9.0,4.0,9.0,5.0,0
3481.0,42.0,2.0,393.0,334.0,286.0,324.0,475.0,405.0,339.0,390.0,32.0,33.0,41.0,11.0,0
3482.0,42.0,2.0,414.0,347.0,312.0,345.0,509.0,435.0,395.0,432.0,22.0,28.0,32.0,4.0,0
3486.0,42.0,2.0,453.0,374.0,308.0,365.0,561.0,473.0,374.0,451.0,33.0,22.0,25.0,17.0,0
3487.0,42.0,1.0,519.0,449.0,358.0,411.0,629.0,548.0,441.0,504.0,129.0,124.0,165.0,68.0,1
3490.0,42.0,2.0,383.0,369.0,269.0,319.0,451.0,437.0,314.0,375.0,17.0,19.0,17.0,2.0,0
3492.0,42.0,2.0,382.0,326.0,271.0,305.0,454.0,401.0,346.0,374.0,16.0,23.0,20.0,9.0,0
3498.0,42.0,2.0,316.0,288.0,283.0,294.0,405.0,380.0,363.0,379.0,15.0,9.0,16.0,2.0,0
3500.0,42.0,2.0,350.0,320.0,284.0,297.0,431.0,407.0,334.0,360.0,12.0,20.0,29.0,13.0,0
3505.0,42.0,2.0,429.0,351.0,289.0,338.0,520.0,419.0,348.0,406.0,12.0,14.0,19.0,4.0,0
3509.0,42.0,0.0,558.0,425.0,376.0,443.0,674.0,522.0,464.0,542.0,264.0,194.0,193.0,71.0,1
3510.0,42.0,1.0,542.0,418.0,336.0,410.0,654.0,511.0,416.0,501.0,202.0,167.0,224.0,76.0,1
3511.0,42.0,2.0,398.0,334.0,291.0,347.0,465.0,404.0,337.0,410.0,21.0,16.0,15.0,0.0,0
3518.0,42.0,2.0,270.0,261.0,249.0,260.0,348.0,331.0,322.0,334.0,34.0,32.0,19.0,5.0,0
3519.0,42.0,2.0,575.0,446.0,353.0,430.0,741.0,566.0,428.0,538.0,23.0,37.0,46.0,4.0,0
3522.0,42.0,1.0,477.0,418.0,330.0,407.0,595.0,524.0,420.0,512.0,111.0,78.0,71.0,28.0,1
3523.0,42.0,1.0,547.0,424.0,346.0,436.0,664.0,527.0,439.0,540.0,146.0,98.0,100.0,32.0,1
3527.0,42.0,2.0,353.0,327.0,290.0,314.0,426.0,396.0,340.0,373.0,6.0,7.0,14.0,0.0,0
3528.0,42.0,2.0,396.0,361.0,318.0,332.0,496.0,454.0,396.0,414.0,18.0,22.0,52.0,20.0,0
3529.0,42.0,1.0,494.0,420.0,365.0,428.0,628.0,525.0,452.0,538.0,113.0,60.0,79.0,11.0,1
3530.0,42.0,0.0,600.0,454.0,402.0,501.0,756.0,570.0,500.0,630.0,535.0,325.0,202.0,65.0,1
3531.0,42.0,1.0,473.0,409.0,337.0,413.0,615.0,509.0,426.0,527.0,103.0,57.0,48.0,17.0,0
3534.0,42.0,2.0,578.0,427.0,347.0,485.0,759.0,571.0,447.0,636.0,53.0,20.0,18.0,6.0,0
3535.0,42.0,0.0,807.0,522.0,432.0,612.0,988.0,651.0,538.0,756.0,289.0,160.0,177.0,9.0,1
6725.0,42.0,0.0,605.0,461.0,403.0,486.0,757.0,576.0,502.0,607.0,53.0,60.0,40.0,11.0,0
3537.0,43.0,1.0,424.0,375.0,339.0,376.0,555.0,491.0,418.0,494.0,68.0,42.0,36.0,14.0,0
3541.0,43.0,2.0,485.0,425.0,369.0,398.0,618.0,549.0,484.0,517.0,68.0,27.0,40.0,45.0,0
3543.0,43.0,2.0,508.0,394.0,320.0,418.0,629.0,500.0,390.0,518.0,37.0,20.0,23.0,4.0,0
3564.0,43.0,2.0,377.0,318.0,325.0,329.0,460.0,409.0,403.0,409.0,19.0,9.0,17.0,10.0,0
3565.0,43.0,1.0,494.0,378.0,351.0,418.0,625.0,487.0,456.0,536.0,107.0,66.0,58.0,13.0,0
3571.0,43.0,1.0,378.0,311.0,295.0,330.0,457.0,380.0,357.0,400.0,39.0,11.0,25.0,9.0,0
3576.0,43.0,1.0,408.0,363.0,314.0,345.0,507.0,456.0,397.0,434.0,34.0,19.0,43.0,15.0,0
3581.0,43.0,1.0,482.0,382.0,334.0,361.0,591.0,475.0,417.0,447.0,82.0,81.0,91.0,64.0,1
3584.0,43.0,2.0,404.0,343.0,319.0,349.0,525.0,431.0,428.0,449.0,15.0,18.0,11.0,6.0,0
3592.0,43.0,1.0,491.0,418.0,362.0,399.0,613.0,528.0,463.0,505.0,42.0,45.0,54.0,20.0,0
3594.0,43.0,0.0,551.0,443.0,382.0,448.0,674.0,550.0,479.0,555.0,249.0,203.0,234.0,5.0,1
3598.0,43.0,1.0,499.0,405.0,346.0,379.0,577.0,469.0,399.0,437.0,24.0,25.0,30.0,21.0,0
3599.0,43.0,1.0,503.0,426.0,343.0,367.0,625.0,536.0,439.0,467.0,63.0,85.0,109.0,109.0,1
3604.0,43.0,0.0,809.0,548.0,481.0,663.0,992.0,682.0,593.0,816.0,224.0,89.0,91.0,8.0,1
3606.0,43.0,1.0,497.0,403.0,341.0,408.0,633.0,523.0,451.0,529.0,147.0,63.0,116.0,10.0,1
3610.0,43.0,2.0,354.0,300.0,257.0,282.0,425.0,363.0,313.0,343.0,12.0,8.0,8.0,12.0,0
3613.0,43.0,0.0,733.0,505.0,463.0,550.0,918.0,636.0,570.0,687.0,158.0,154.0,135.0,5.0,1
3615.0,43.0,1.0,495.0,410.0,328.0,385.0,619.0,521.0,426.0,492.0,209.0,135.0,204.0,53.0,1
3620.0,43.0,2.0,627.0,470.0,373.0,478.0,763.0,581.0,465.0,590.0,22.0,33.0,25.0,3.0,0
3621.0,43.0,2.0,469.0,385.0,331.0,380.0,552.0,454.0,392.0,448.0,12.0,45.0,24.0,2.0,0
3623.0,43.0,1.0,652.0,474.0,383.0,502.0,744.0,560.0,452.0,585.0,58.0,57.0,49.0,5.0,0
3624.0,43.0,1.0,473.0,379.0,338.0,380.0,582.0,478.0,434.0,481.0,138.0,74.0,114.0,37.0,1
3625.0,43.0,2.0,440.0,368.0,310.0,354.0,562.0,474.0,410.0,462.0,34.0,15.0,24.0,8.0,0
3630.0,43.0,1.0,485.0,421.0,347.0,369.0,616.0,542.0,455.0,481.0,34.0,58.0,64.0,73.0,0
3631.0,43.0,1.0,446.0,399.0,347.0,354.0,570.0,516.0,455.0,462.0,42.0,48.0,48.0,62.0,0
3636.0,43.0,0.0,654.0,477.0,423.0,511.0,811.0,599.0,518.0,632.0,107.0,109.0,99.0,9.0,1
3639.0,43.0,1.0,467.0,393.0,348.0,386.0,589.0,502.0,450.0,494.0,72.0,51.0,41.0,12.0,0
3641.0,43.0,2.0,458.0,370.0,313.0,365.0,564.0,456.0,386.0,449.0,20.0,13.0,20.0,8.0,0
3642.0,43.0,0.0,551.0,455.0,366.0,423.0,684.0,573.0,469.0,535.0,83.0,82.0,104.0,50.0,1
3644.0,43.0,0.0,610.0,429.0,363.0,468.0,762.0,550.0,472.0,595.0,270.0,216.0,220.0,14.0,1
3645.0,43.0,2.0,456.0,536.0,298.0,439.0,570.0,656.0,370.0,544.0,42.0,30.0,15.0,9.0,0
3646.0,43.0,0.0,499.0,401.0,342.0,396.0,623.0,507.0,438.0,501.0,93.0,107.0,101.0,40.0,1
3647.0,43.0,1.0,696.0,477.0,389.0,548.0,860.0,610.0,497.0,686.0,95.0,61.0,57.0,3.0,0
3651.0,43.0,1.0,474.0,432.0,364.0,395.0,578.0,550.0,446.0,489.0,23.0,35.0,25.0,1.0,0
3652.0,43.0,0.0,681.0,462.0,398.0,520.0,836.0,585.0,510.0,651.0,341.0,288.0,238.0,24.0,1
3656.0,43.0,0.0,581.0,438.0,395.0,455.0,724.0,557.0,506.0,577.0,185.0,224.0,137.0,0.0,1
3658.0,43.0,0.0,732.0,476.0,432.0,577.0,888.0,599.0,548.0,713.0,997.0,439.0,480.0,30.0,1
3661.0,43.0,1.0,522.0,417.0,365.0,404.0,679.0,552.0,488.0,535.0,101.0,122.0,142.0,10.0,1
3663.0,43.0,2.0,433.0,278.0,252.0,311.0,502.0,338.0,362.0,387.0,18.0,19.0,15.0,10.0,0
3665.0,43.0,1.0,467.0,358.0,326.0,340.0,583.0,457.0,419.0,435.0,65.0,35.0,58.0,58.0,0
6967.0,43.0,0.0,619.0,474.0,397.0,476.0,791.0,610.0,504.0,607.0,226.0,131.0,103.0,7.0,1
9651.0,43.0,2.0,445.0,432.0,380.0,404.0,570.0,554.0,494.0,522.0,10.0,16.0,18.0,4.0,0
9741.0,43.0,0.0,661.0,505.0,451.0,557.0,810.0,634.0,571.0,692.0,89.0,58.0,59.0,1.0,0
9930.0,43.0,2.0,457.0,393.0,348.0,384.0,576.0,501.0,449.0,491.0,21.0,18.0,26.0,6.0,0
10115.0,43.0,1.0,546.0,441.0,379.0,429.0,685.0,562.0,489.0,548.0,61.0,120.0,108.0,6.0,1
10298.0,43.0,2.0,570.0,368.0,376.0,393.0,714.0,475.0,482.0,503.0,15.0,15.0,8.0,0.0,0
10366.0,43.0,0.0,645.0,460.0,394.0,505.0,798.0,587.0,509.0,637.0,652.0,424.0,305.0,2.0,1
11161.0,43.0,1.0,475.0,396.0,334.0,400.0,604.0,513.0,440.0,517.0,49.0,44.0,45.0,4.0,0
11163.0,43.0,1.0,522.0,421.0,359.0,409.0,666.0,548.0,496.0,538.0,39.0,37.0,24.0,0.0,0
11711.0,43.0,1.0,558.0,479.0,409.0,467.0,696.0,605.0,520.0,590.0,48.0,65.0,45.0,4.0,0
11854.0,43.0,2.0,,321.0,279.0,302.0,,392.0,350.0,368.0,2.0,7.0,8.0,2.0,0
12826.0,43.0,2.0,503.0,404.0,336.0,365.0,628.0,507.0,429.0,463.0,20.0,53.0,44.0,1.0,0
13231.0,43.0,2.0,,389.0,319.0,355.0,,498.0,411.0,456.0,5.0,11.0,11.0,2.0,0
29269.0,43.0,2.0,480.0,373.0,,429.0,616.0,490.0,,556.0,20.0,6.0,2.0,4.0,0
3670.0,44.0,0.0,661.0,504.0,431.0,543.0,851.0,668.0,577.0,711.0,577.0,382.0,304.0,49.0,1
3675.0,44.0,0.0,615.0,432.0,383.0,498.0,792.0,574.0,514.0,652.0,388.0,231.0,216.0,25.0,1
3677.0,44.0,0.0,518.0,403.0,364.0,420.0,688.0,546.0,497.0,567.0,199.0,165.0,158.0,20.0,1
3678.0,44.0,2.0,421.0,349.0,290.0,335.0,546.0,473.0,413.0,459.0,33.0,48.0,55.0,11.0,0
3680.0,44.0,2.0,483.0,388.0,341.0,389.0,633.0,522.0,458.0,518.0,160.0,97.0,124.0,61.0,1
3681.0,44.0,2.0,445.0,367.0,325.0,359.0,578.0,459.0,399.0,448.0,15.0,25.0,35.0,4.0,0
3702.0,45.0,2.0,372.0,319.0,281.0,328.0,454.0,395.0,342.0,400.0,19.0,15.0,11.0,3.0,0
3704.0,45.0,2.0,450.0,390.0,332.0,383.0,563.0,483.0,417.0,479.0,22.0,15.0,21.0,4.0,0
3705.0,45.0,0.0,679.0,499.0,382.0,525.0,827.0,621.0,484.0,650.0,185.0,132.0,123.0,30.0,1
3706.0,45.0,2.0,509.0,442.0,363.0,412.0,632.0,553.0,458.0,515.0,39.0,44.0,68.0,15.0,0
3708.0,45.0,2.0,387.0,335.0,286.0,325.0,480.0,411.0,355.0,402.0,26.0,13.0,15.0,13.0,0
3709.0,45.0,2.0,440.0,358.0,296.0,363.0,531.0,439.0,351.0,438.0,18.0,19.0,14.0,3.0,0
3711.0,45.0,2.0,415.0,342.0,299.0,353.0,508.0,417.0,362.0,431.0,27.0,21.0,16.0,5.0,0
3713.0,45.0,2.0,529.0,397.0,338.0,417.0,631.0,481.0,419.0,502.0,28.0,28.0,13.0,0.0,0
3714.0,45.0,1.0,494.0,377.0,323.0,359.0,568.0,440.0,374.0,415.0,45.0,86.0,134.0,13.0,1
3715.0,45.0,2.0,498.0,398.0,306.0,388.0,609.0,512.0,374.0,484.0,18.0,27.0,23.0,3.0,0
3719.0,45.0,2.0,487.0,420.0,336.0,393.0,611.0,529.0,431.0,497.0,33.0,50.0,50.0,17.0,0
3720.0,45.0,1.0,465.0,392.0,317.0,395.0,567.0,484.0,396.0,486.0,49.0,36.0,37.0,3.0,0
3721.0,45.0,1.0,521.0,447.0,366.0,441.0,647.0,560.0,466.0,553.0,187.0,151.0,131.0,39.0,1
3723.0,45.0,2.0,457.0,370.0,311.0,362.0,551.0,457.0,380.0,443.0,13.0,31.0,25.0,2.0,0
3724.0,45.0,1.0,524.0,418.0,369.0,448.0,616.0,493.0,434.0,528.0,48.0,30.0,34.0,0.0,0
3728.0,45.0,0.0,595.0,451.0,370.0,446.0,731.0,564.0,468.0,557.0,165.0,228.0,156.0,52.0,1
3732.0,45.0,1.0,499.0,393.0,354.0,407.0,613.0,488.0,443.0,505.0,137.0,119.0,92.0,43.0,1
3733.0,45.0,2.0,522.0,395.0,313.0,399.0,632.0,484.0,385.0,488.0,22.0,30.0,21.0,6.0,0
3734.0,45.0,2.0,495.0,411.0,337.0,409.0,623.0,512.0,424.0,512.0,17.0,28.0,18.0,2.0,0
3735.0,45.0,0.0,610.0,492.0,404.0,491.0,753.0,611.0,501.0,609.0,220.0,310.0,211.0,43.0,1
3736.0,45.0,2.0,494.0,408.0,338.0,412.0,624.0,523.0,422.0,522.0,27.0,37.0,28.0,0.0,0
3737.0,45.0,2.0,463.0,387.0,330.0,392.0,554.0,464.0,394.0,469.0,32.0,26.0,25.0,6.0,0
3739.0,45.0,2.0,319.0,309.0,275.0,290.0,399.0,368.0,341.0,357.0,8.0,9.0,8.0,8.0,0
3742.0,45.0,2.0,539.0,433.0,372.0,468.0,666.0,524.0,445.0,572.0,28.0,26.0,11.0,0.0,0
3744.0,45.0,1.0,711.0,550.0,418.0,565.0,883.0,686.0,512.0,700.0,80.0,70.0,72.0,0.0,0
3746.0,45.0,2.0,475.0,397.0,325.0,401.0,602.0,507.0,421.0,513.0,59.0,43.0,48.0,0.0,0
3747.0,45.0,2.0,445.0,352.0,313.0,350.0,552.0,442.0,397.0,440.0,17.0,14.0,18.0,4.0,0
3749.0,45.0,0.0,753.0,524.0,445.0,568.0,909.0,650.0,550.0,696.0,210.0,266.0,156.0,43.0,1
3752.0,45.0,2.0,332.0,318.0,279.0,307.0,392.0,373.0,333.0,363.0,7.0,15.0,12.0,0.0,0
3753.0,45.0,2.0,532.0,446.0,364.0,467.0,668.0,573.0,465.0,590.0,52.0,14.0,24.0,2.0,0
3754.0,45.0,0.0,655.0,467.0,404.0,519.0,802.0,582.0,506.0,641.0,598.0,526.0,270.0,91.0,1
3764.0,45.0,1.0,453.0,416.0,375.0,398.0,554.0,510.0,462.0,489.0,55.0,49.0,59.0,28.0,0
3765.0,45.0,1.0,492.0,429.0,355.0,406.0,618.0,545.0,456.0,516.0,83.0,88.0,92.0,30.0,1
3766.0,45.0,2.0,401.0,351.0,264.0,283.0,459.0,404.0,302.0,324.0,8.0,15.0,37.0,8.0,0
3767.0,45.0,2.0,527.0,432.0,356.0,436.0,643.0,534.0,447.0,538.0,28.0,11.0,24.0,9.0,0
3768.0,45.0,2.0,685.0,487.0,397.0,592.0,842.0,605.0,480.0,728.0,84.0,30.0,24.0,0.0,0
6968.0,45.0,0.0,777.0,517.0,430.0,610.0,953.0,653.0,545.0,757.0,445.0,277.0,201.0,18.0,1
10392.0,45.0,1.0,401.0,341.0,279.0,327.0,458.0,389.0,322.0,375.0,44.0,56.0,51.0,17.0,0
29261.0,45.0,2.0,,,279.0,320.0,,,336.0,396.0,1.0,5.0,7.0,0.0,0
3682.0,46.0,2.0,,,,373.0,,,,449.0,0.0,0.0,0.0,0.0,0
3683.0,46.0,2.0,432.0,355.0,302.0,355.0,580.0,484.0,410.0,480.0,26.0,27.0,34.0,3.0,0
3687.0,46.0,2.0,416.0,355.0,309.0,342.0,518.0,448.0,390.0,430.0,9.0,11.0,10.0,5.0,0
3688.0,46.0,2.0,423.0,349.0,303.0,342.0,550.0,478.0,429.0,469.0,14.0,21.0,29.0,2.0,0
3689.0,46.0,2.0,433.0,366.0,293.0,366.0,584.0,501.0,411.0,500.0,18.0,22.0,17.0,0.0,0
3691.0,46.0,2.0,678.0,469.0,398.0,512.0,878.0,599.0,493.0,651.0,68.0,33.0,56.0,14.0,0
3692.0,46.0,1.0,423.0,356.0,297.0,371.0,545.0,468.0,394.0,484.0,62.0,51.0,32.0,1.0,0
3694.0,46.0,2.0,501.0,414.0,344.0,404.0,675.0,548.0,457.0,540.0,33.0,38.0,46.0,0.0,0
3695.0,46.0,2.0,364.0,340.0,299.0,325.0,432.0,407.0,365.0,392.0,6.0,20.0,11.0,1.0,0
3696.0,46.0,0.0,606.0,450.0,370.0,458.0,770.0,586.0,486.0,592.0,175.0,174.0,115.0,0.0,1
3771.0,47.0,1.0,483.0,355.0,292.0,401.0,596.0,447.0,374.0,501.0,172.0,80.0,72.0,0.0,1
3775.0,47.0,1.0,480.0,406.0,352.0,425.0,601.0,514.0,451.0,537.0,181.0,79.0,74.0,14.0,1
3777.0,47.0,2.0,,359.0,319.0,322.0,,437.0,392.0,395.0,4.0,7.0,9.0,8.0,0
3778.0,47.0,1.0,616.0,428.0,345.0,420.0,741.0,527.0,432.0,518.0,49.0,83.0,96.0,23.0,0
3785.0,47.0,1.0,494.0,409.0,351.0,422.0,617.0,513.0,434.0,527.0,78.0,88.0,63.0,0.0,0
3788.0,47.0,1.0,457.0,388.0,335.0,390.0,563.0,485.0,422.0,485.0,50.0,48.0,34.0,7.0,0
3790.0,47.0,1.0,565.0,476.0,408.0,458.0,674.0,572.0,495.0,551.0,53.0,88.0,69.0,14.0,0
3794.0,47.0,2.0,378.0,347.0,303.0,325.0,441.0,418.0,360.0,386.0,7.0,14.0,28.0,1.0,0
3797.0,47.0,2.0,623.0,469.0,389.0,516.0,788.0,599.0,495.0,655.0,80.0,44.0,51.0,0.0,0
3798.0,47.0,0.0,683.0,485.0,421.0,555.0,838.0,606.0,524.0,687.0,893.0,472.0,352.0,11.0,1
3799.0,47.0,2.0,333.0,314.0,300.0,312.0,403.0,382.0,367.0,379.0,45.0,20.0,36.0,13.0,0
3800.0,47.0,0.0,597.0,447.0,393.0,470.0,734.0,559.0,488.0,584.0,337.0,281.0,279.0,62.0,1
3802.0,47.0,1.0,537.0,444.0,371.0,462.0,665.0,553.0,461.0,573.0,153.0,141.0,67.0,6.0,1
3803.0,47.0,2.0,568.0,451.0,372.0,476.0,717.0,571.0,468.0,602.0,37.0,32.0,23.0,1.0,0
3804.0,47.0,2.0,426.0,349.0,279.0,345.0,513.0,426.0,345.0,420.0,26.0,39.0,18.0,10.0,0
8155.0,47.0,2.0,,,,430.0,,,,541.0,0.0,0.0,0.0,0.0,0
3832.0,48.0,2.0,438.0,352.0,282.0,314.0,511.0,411.0,332.0,368.0,9.0,31.0,74.0,0.0,0
3835.0,48.0,2.0,521.0,409.0,357.0,453.0,660.0,512.0,428.0,565.0,42.0,15.0,22.0,1.0,0
3839.0,48.0,2.0,434.0,374.0,319.0,371.0,556.0,485.0,406.0,475.0,28.0,18.0,35.0,0.0,0
3842.0,48.0,2.0,416.0,391.0,340.0,348.0,507.0,509.0,434.0,443.0,10.0,14.0,35.0,1.0,0
3854.0,48.0,2.0,406.0,,321.0,329.0,489.0,,384.0,393.0,11.0,3.0,19.0,8.0,0
3856.0,48.0,2.0,570.0,425.0,364.0,462.0,691.0,521.0,439.0,561.0,42.0,28.0,31.0,3.0,0
3861.0,48.0,2.0,440.0,371.0,302.0,334.0,548.0,464.0,373.0,414.0,9.0,17.0,41.0,4.0,0
3863.0,48.0,0.0,705.0,521.0,426.0,527.0,884.0,662.0,525.0,662.0,94.0,238.0,151.0,0.0,1
3868.0,48.0,2.0,484.0,411.0,353.0,439.0,609.0,522.0,427.0,551.0,56.0,27.0,20.0,0.0,0
3869.0,48.0,2.0,393.0,327.0,282.0,312.0,493.0,393.0,327.0,371.0,8.0,19.0,19.0,6.0,0
3875.0,48.0,2.0,375.0,296.0,271.0,325.0,458.0,354.0,344.0,397.0,19.0,15.0,7.0,2.0,0
3884.0,48.0,2.0,491.0,380.0,320.0,409.0,619.0,479.0,401.0,515.0,28.0,23.0,17.0,1.0,0
3892.0,48.0,2.0,546.0,445.0,353.0,415.0,712.0,585.0,457.0,541.0,15.0,45.0,42.0,7.0,0
3895.0,48.0,0.0,666.0,498.0,439.0,573.0,831.0,628.0,566.0,721.0,918.0,287.0,360.0,30.0,1
3896.0,48.0,0.0,604.0,465.0,421.0,495.0,761.0,598.0,544.0,632.0,267.0,306.0,192.0,2.0,1
3899.0,48.0,1.0,498.0,417.0,356.0,419.0,638.0,541.0,468.0,543.0,52.0,55.0,35.0,3.0,0
3911.0,48.0,2.0,448.0,366.0,316.0,344.0,553.0,441.0,395.0,423.0,10.0,23.0,28.0,10.0,0
3915.0,48.0,1.0,502.0,394.0,349.0,412.0,642.0,513.0,460.0,536.0,121.0,71.0,69.0,6.0,1
3917.0,48.0,1.0,489.0,410.0,372.0,428.0,627.0,533.0,487.0,555.0,167.0,126.0,112.0,12.0,1
3919.0,48.0,1.0,511.0,424.0,384.0,430.0,653.0,549.0,502.0,556.0,128.0,103.0,90.0,8.0,1
3921.0,48.0,1.0,517.0,417.0,357.0,437.0,661.0,542.0,470.0,565.0,94.0,57.0,58.0,0.0,0
3923.0,48.0,1.0,485.0,399.0,340.0,420.0,622.0,519.0,449.0,545.0,112.0,57.0,57.0,2.0,0
3924.0,48.0,1.0,516.0,423.0,353.0,437.0,658.0,548.0,464.0,565.0,138.0,104.0,84.0,5.0,1
3925.0,48.0,1.0,501.0,410.0,348.0,432.0,642.0,533.0,459.0,561.0,42.0,26.0,19.0,5.0,0
3926.0,48.0,1.0,525.0,434.0,368.0,432.0,670.0,562.0,483.0,559.0,127.0,103.0,99.0,5.0,1
5015.0,48.0,1.0,535.0,427.0,391.0,434.0,680.0,553.0,510.0,561.0,49.0,58.0,37.0,1.0,0
9630.0,48.0,1.0,541.0,435.0,374.0,439.0,688.0,562.0,490.0,567.0,104.0,108.0,130.0,4.0,1
3806.0,49.0,2.0,385.0,315.0,272.0,299.0,507.0,402.0,349.0,386.0,9.0,18.0,25.0,11.0,0
3808.0,49.0,2.0,397.0,348.0,286.0,340.0,501.0,485.0,358.0,433.0,21.0,6.0,23.0,0.0,0
3809.0,49.0,2.0,409.0,315.0,268.0,310.0,483.0,388.0,341.0,384.0,23.0,22.0,34.0,12.0,0
3810.0,49.0,2.0,400.0,342.0,284.0,325.0,505.0,438.0,372.0,420.0,29.0,18.0,35.0,12.0,0
3811.0,49.0,2.0,373.0,305.0,259.0,299.0,480.0,388.0,339.0,386.0,14.0,10.0,14.0,7.0,0
3812.0,49.0,2.0,432.0,362.0,317.0,361.0,526.0,446.0,394.0,445.0,57.0,44.0,45.0,27.0,0
3813.0,49.0,2.0,396.0,325.0,274.0,298.0,484.0,405.0,341.0,371.0,12.0,17.0,28.0,16.0,0
3815.0,49.0,1.0,477.0,390.0,309.0,390.0,576.0,478.0,384.0,477.0,144.0,121.0,102.0,30.0,1
3818.0,49.0,2.0,385.0,347.0,324.0,333.0,484.0,440.0,413.0,423.0,10.0,21.0,21.0,15.0,0
3820.0,49.0,2.0,422.0,353.0,305.0,306.0,509.0,429.0,368.0,369.0,6.0,11.0,17.0,16.0,0
3822.0,50.0,3.0,415.0,348.0,312.0,342.0,508.0,421.0,383.0,418.0,27.0,31.0,33.0,14.0,0
3823.0,49.0,2.0,417.0,327.0,235.0,337.0,513.0,404.0,294.0,417.0,42.0,62.0,18.0,7.0,0
3825.0,49.0,2.0,408.0,340.0,297.0,349.0,502.0,419.0,369.0,431.0,54.0,43.0,29.0,11.0,0
3827.0,49.0,0.0,535.0,431.0,361.0,439.0,642.0,521.0,438.0,529.0,335.0,237.0,272.0,22.0,1
3830.0,49.0,2.0,441.0,383.0,339.0,383.0,572.0,494.0,434.0,495.0,25.0,22.0,24.0,3.0,0
3831.0,49.0,2.0,403.0,348.0,282.0,315.0,486.0,416.0,348.0,381.0,8.0,20.0,25.0,12.0,0
3932.0,51.0,0.0,539.0,410.0,374.0,445.0,658.0,507.0,464.0,549.0,241.0,154.0,164.0,2.0,1
